Workbook

Sheet Lab Analysis
A1: LAB ANALYSIS - UREA AGL
C2: REACTOR (U-DC101) | G2: STRIPPER (U-DA 101) | K2: HPD (U-DA 201) | O2: LPD (U-DA 202) | S2: HPA (U-EA 401) | W2: LPA (U-EA 402) | AA2: REFLUX DRUM (U-FA 509) | AE2: WASHING COLOUMN (U-DA401) | AI2: SUCTION (FA-501) (U-GA501) | AM2: DESORBER OUTLET (DA-501) | AQ2: UREA SOLUTION TANK (U-FA 201)
A3: Date | B3: Load | C3: NH3 % 31.13 | D3: CO2 % 17.39 | E3: Urea % 32.74 | F3: H2O% | G3: NH3 % 8.59 | H3: CO2 % 10.87 | I3: Urea % 53.71 | J3: H2O% | K3: NH3 % 14.94 | L3: CO2 % 9.77 | M3: Urea% 49.83 | N3: H2O% | O3: NH3 % 1.62 | P3: CO2 % 0.82 | Q3: Urea % 68.22 | R3: H2O% | S3: NH3 % 37.55 | T3: CO2 % 40.79 | U3: Urea % --- | V3: H2O% | W3: NH3 % 32.27 | X3: CO2 % 36.45 | Y3: Urea % --- | Z3: H2O% | AA3: NH3 % 27.23 | AB3: CO2 % 20.09 | AC3: Urea % -- | AD3: H2O% | AE3: NH3 % 21.40 | AF3: CO2 % 7.82 | AG3: Urea% -- | AH3: H2O% | AI3: NH3 % 5.04 | AJ3: CO2 % 2.17 | AK3: Urea% 1.89 | AL3: H2O% | AM3: NH3 ppm 5.0 | AN3: CO2 ppm | AO3: Urea ppm 5.0 | AP3: H2O% | AQ3: NH3 % 0.46 | AR3: CO2 % 0.31 | AS3: Urea % 72.39 | AT3: H2O%
A4: 45819 | C4: 30.02 | D4: 18.58 | E4: 32.37 | F4: =100-SUM(C4:E4) -> 19.03 | J4: =100-SUM(G4:I4) -> 100 | N4: =100-SUM(K4:M4) -> 100 | R4: =100-SUM(O4:Q4) -> 100 | V4: =100-SUM(S4:U4) -> 100 | Z4: =100-SUM(W4:Y4) -> 100 | AD4: =100-SUM(AA4:AC4) -> 100 | AH4: =100-SUM(AE4:AG4) -> 100 | AL4: =100-SUM(AI4:AK4) -> 100 | AP4: =100-SUM(AM4:AO4) -> 100 | AT4: =100-SUM(AQ4:AS4) -> 100
A5: 45820 | C5: 30.14 | D5: 18.93 | E5: 31.89 | F5: =100-SUM(C5:E5) -> 19.04 | G5: 10.82 | H5: 11.01 | I5: 50.37 | J5: =100-SUM(G5:I5) -> 27.8 | K5: 16.58 | L5: 12.65 | M5: 43.43 | N5: =100-SUM(K5:M5) -> 27.34 | O5: 0.53 | P5: 0.19 | Q5: 63 | R5: =100-SUM(O5:Q5) -> 36.28 | S5: 37.4 | T5: 39.89 | U5: - | V5: =100-SUM(S5:U5) -> 22.71 | W5: 34.86 | X5: 34.69 | Y5: - | Z5: =100-SUM(W5:Y5) -> 30.45 | AA5: 29.19 | AB5: 10.91 | AC5: - | AD5: =100-SUM(AA5:AC5) -> 59.9 | AE5: 13.63 | AF5: 3.44 | AG5: - | AH5: =100-SUM(AE5:AG5) -> 82.93 | AI5: 5.81 | AJ5: 1.6 | AK5: 1.31 | AL5: =100-SUM(AI5:AK5) -> 91.28 | AM5: 1.7 | AN5: - | AO5: - | AP5: =100-SUM(AM5:AO5) -> 98.3 | AQ5: 0.49 | AR5: 0.21 | AS5: 71 | AT5: =100-SUM(AQ5:AS5) -> 28.3
A6: 45821 | C6: 30.17 | D6: 19.32 | E6: 31.64 | F6: =100-SUM(C6:E6) -> 18.87 | J6: =100-SUM(G6:I6) -> 100 | N6: =100-SUM(K6:M6) -> 100 | R6: =100-SUM(O6:Q6) -> 100 | V6: =100-SUM(S6:U6) -> 100 | Z6: =100-SUM(W6:Y6) -> 100 | AD6: =100-SUM(AA6:AC6) -> 100 | AE6: 15.32 | AF6: 3.14 | AH6: =100-SUM(AE6:AG6) -> 81.54 | AL6: =100-SUM(AI6:AK6) -> 100 | AP6: =100-SUM(AM6:AO6) -> 100 | AT6: =100-SUM(AQ6:AS6) -> 100
A7: 45822 | F7: =100-SUM(C7:E7) -> 100 | J7: =100-SUM(G7:I7) -> 100 | N7: =100-SUM(K7:M7) -> 100 | R7: =100-SUM(O7:Q7) -> 100 | V7: =100-SUM(S7:U7) -> 100 | Z7: =100-SUM(W7:Y7) -> 100 | AD7: =100-SUM(AA7:AC7) -> 100 | AH7: =100-SUM(AE7:AG7) -> 100 | AL7: =100-SUM(AI7:AK7) -> 100 | AP7: =100-SUM(AM7:AO7) -> 100 | AT7: =100-SUM(AQ7:AS7) -> 100
A8: 45823 | F8: =100-SUM(C8:E8) -> 100 | J8: =100-SUM(G8:I8) -> 100 | N8: =100-SUM(K8:M8) -> 100 | R8: =100-SUM(O8:Q8) -> 100 | V8: =100-SUM(S8:U8) -> 100 | Z8: =100-SUM(W8:Y8) -> 100 | AD8: =100-SUM(AA8:AC8) -> 100 | AH8: =100-SUM(AE8:AG8) -> 100 | AL8: =100-SUM(AI8:AK8) -> 100 | AP8: =100-SUM(AM8:AO8) -> 100 | AT8: =100-SUM(AQ8:AS8) -> 100
A9: 45824 | C9: 30.78 | D9: 19.96 | E9: 31.24 | F9: =100-SUM(C9:E9) -> 18.02 | G9: 10.91 | H9: 11.01 | I9: 49.22 | J9: =100-SUM(G9:I9) -> 28.86 | K9: 16.43 | L9: 12.92 | M9: 43.77 | N9: =100-SUM(K9:M9) -> 26.88 | O9: 0.56 | P9: 0.21 | Q9: 64 | R9: =100-SUM(O9:Q9) -> 35.23 | S9: 36.15 | T9: 40.29 | U9: - | V9: =100-SUM(S9:U9) -> 23.56 | W9: 34.12 | X9: 33.88 | Y9: - | Z9: =100-SUM(W9:Y9) -> 32 | AA9: 29.26 | AB9: 10.83 | AC9: - | AD9: =100-SUM(AA9:AC9) -> 59.91 | AE9: 16.61 | AF9: 3.46 | AG9: - | AH9: =100-SUM(AE9:AG9) -> 79.93 | AI9: 6.8 | AJ9: 1.49 | AK9: 1.36 | AL9: =100-SUM(AI9:AK9) -> 90.35 | AM9: 1.7 | AN9: - | AO9: - | AP9: =100-SUM(AM9:AO9) -> 98.3 | AQ9: 0.53 | AR9: 0.2 | AS9: 71 | AT9: =100-SUM(AQ9:AS9) -> 28.27
A10: 45825 | C10: 30.53 | D10: 19.49 | E10: 31.77 | F10: =100-SUM(C10:E10) -> 18.21 | J10: =100-SUM(G10:I10) -> 100 | N10: =100-SUM(K10:M10) -> 100 | R10: =100-SUM(O10:Q10) -> 100 | V10: =100-SUM(S10:U10) -> 100 | Z10: =100-SUM(W10:Y10) -> 100 | AD10: =100-SUM(AA10:AC10) -> 100 | AH10: =100-SUM(AE10:AG10) -> 100 | AL10: =100-SUM(AI10:AK10) -> 100 | AP10: =100-SUM(AM10:AO10) -> 100 | AT10: =100-SUM(AQ10:AS10) -> 100
A11: 45826 | C11: 29.68 | D11: 19.59 | E11: 31.66 | F11: =100-SUM(C11:E11) -> 19.07 | J11: =100-SUM(G11:I11) -> 100 | N11: =100-SUM(K11:M11) -> 100 | R11: =100-SUM(O11:Q11) -> 100 | V11: =100-SUM(S11:U11) -> 100 | Z11: =100-SUM(W11:Y11) -> 100 | AD11: =100-SUM(AA11:AC11) -> 100 | AH11: =100-SUM(AE11:AG11) -> 100 | AL11: =100-SUM(AI11:AK11) -> 100 | AP11: =100-SUM(AM11:AO11) -> 100 | AT11: =100-SUM(AQ11:AS11) -> 100
A12: 45827 | C12: 31.41 | D12: 18.51 | E12: 30.87 | F12: =100-SUM(C12:E12) -> 19.21 | G12: 10.24 | H12: 10.58 | I12: 50.86 | J12: =100-SUM(G12:I12) -> 28.32 | K12: 17.05 | L12: 13.13 | M12: 44.9 | N12: =100-SUM(K12:M12) -> 24.92 | O12: 0.56 | P12: 0.21 | Q12: 66 | R12: =100-SUM(O12:Q12) -> 33.23 | S12: 37.45 | T12: 40.48 | U12: - | V12: =100-SUM(S12:U12) -> 22.07 | W12: 33.94 | X12: 34.26 | Y12: - | Z12: =100-SUM(W12:Y12) -> 31.8 | AA12: 28.63 | AB12: 10.04 | AC12: - | AD12: =100-SUM(AA12:AC12) -> 61.33 | AE12: 17.03 | AF12: 3.33 | AG12: - | AH12: =100-SUM(AE12:AG12) -> 79.64 | AI12: 6.19 | AJ12: 1.57 | AK12: 1.24 | AL12: =100-SUM(AI12:AK12) -> 91 | AM12: 2.38 | AN12: - | AO12: - | AP12: =100-SUM(AM12:AO12) -> 97.62 | AQ12: 0.48 | AR12: 0.19 | AS12: 71 | AT12: =100-SUM(AQ12:AS12) -> 28.33
A13: 45828 | C13: 30.35 | D13: 19.6 | E13: 31.47 | F13: =100-SUM(C13:E13) -> 18.58 | J13: =100-SUM(G13:I13) -> 100 | N13: =100-SUM(K13:M13) -> 100 | R13: =100-SUM(O13:Q13) -> 100 | V13: =100-SUM(S13:U13) -> 100 | Z13: =100-SUM(W13:Y13) -> 100 | AD13: =100-SUM(AA13:AC13) -> 100 | AH13: =100-SUM(AE13:AG13) -> 100 | AL13: =100-SUM(AI13:AK13) -> 100 | AP13: =100-SUM(AM13:AO13) -> 100 | AT13: =100-SUM(AQ13:AS13) -> 100
A14: 45829 | F14: =100-SUM(C14:E14) -> 100 | J14: =100-SUM(G14:I14) -> 100 | N14: =100-SUM(K14:M14) -> 100 | R14: =100-SUM(O14:Q14) -> 100 | V14: =100-SUM(S14:U14) -> 100 | Z14: =100-SUM(W14:Y14) -> 100 | AD14: =100-SUM(AA14:AC14) -> 100 | AH14: =100-SUM(AE14:AG14) -> 100 | AL14: =100-SUM(AI14:AK14) -> 100 | AP14: =100-SUM(AM14:AO14) -> 100 | AT14: =100-SUM(AQ14:AS14) -> 100
A15: 45830 | F15: =100-SUM(C15:E15) -> 100 | J15: =100-SUM(G15:I15) -> 100 | N15: =100-SUM(K15:M15) -> 100 | R15: =100-SUM(O15:Q15) -> 100 | V15: =100-SUM(S15:U15) -> 100 | Z15: =100-SUM(W15:Y15) -> 100 | AD15: =100-SUM(AA15:AC15) -> 100 | AH15: =100-SUM(AE15:AG15) -> 100 | AL15: =100-SUM(AI15:AK15) -> 100 | AP15: =100-SUM(AM15:AO15) -> 100 | AT15: =100-SUM(AQ15:AS15) -> 100
A16: 45831 | C16: 31.78 | D16: 19.96 | E16: 31.28 | F16: =100-SUM(C16:E16) -> 16.98 | G16: 10.23 | H16: 10.72 | I16: 49.92 | J16: =100-SUM(G16:I16) -> 29.13 | K16: 17.09 | L16: 13.07 | M16: 44.3 | N16: =100-SUM(K16:M16) -> 25.54 | R16: =100-SUM(O16:Q16) -> 100 | S16: 37.28 | T16: 39.12 | U16: 0 | V16: =100-SUM(S16:U16) -> 23.6 | Z16: =100-SUM(W16:Y16) -> 100 | AA16: 29.32 | AB16: 10.68 | AC16: - | AD16: =100-SUM(AA16:AC16) -> 60 | AE16: 16.82 | AF16: 3.52 | AG16: - | AH16: =100-SUM(AE16:AG16) -> 79.66 | AI16: 6.49 | AJ16: 1.64 | AK16: 1.32 | AL16: =100-SUM(AI16:AK16) -> 90.55 | AM16: 2.24 | AN16: - | AO16: - | AP16: =100-SUM(AM16:AO16) -> 97.76 | AQ16: 0.51 | AR16: 0.22 | AS16: 70 | AT16: =100-SUM(AQ16:AS16) -> 29.27
A17: 45832 | C17: 30.69 | D17: 19.12 | E17: 31.67 | F17: =100-SUM(C17:E17) -> 18.52 | J17: =100-SUM(G17:I17) -> 100 | N17: =100-SUM(K17:M17) -> 100 | R17: =100-SUM(O17:Q17) -> 100 | V17: =100-SUM(S17:U17) -> 100 | Z17: =100-SUM(W17:Y17) -> 100 | AD17: =100-SUM(AA17:AC17) -> 100 | AH17: =100-SUM(AE17:AG17) -> 100 | AL17: =100-SUM(AI17:AK17) -> 100 | AP17: =100-SUM(AM17:AO17) -> 100 | AT17: =100-SUM(AQ17:AS17) -> 100
A18: 45833 | C18: 29.82 | D18: 18.62 | E18: 31.19 | F18: =100-SUM(C18:E18) -> 20.37 | J18: =100-SUM(G18:I18) -> 100 | N18: =100-SUM(K18:M18) -> 100 | R18: =100-SUM(O18:Q18) -> 100 | V18: =100-SUM(S18:U18) -> 100 | Z18: =100-SUM(W18:Y18) -> 100 | AD18: =100-SUM(AA18:AC18) -> 100 | AH18: =100-SUM(AE18:AG18) -> 100 | AL18: =100-SUM(AI18:AK18) -> 100 | AP18: =100-SUM(AM18:AO18) -> 100 | AT18: =100-SUM(AQ18:AS18) -> 100
A19: 45834 | C19: 31.09 | D19: 18.97 | E19: 30.92 | F19: =100-SUM(C19:E19) -> 19.02 | G19: 10.49 | H19: 10.49 | I19: 50.51 | J19: =100-SUM(G19:I19) -> 28.51 | K19: 16.87 | L19: 13.41 | M19: 44.22 | N19: =100-SUM(K19:M19) -> 25.5 | O19: 0.67 | P19: 0.26 | Q19: 62 | R19: =100-SUM(O19:Q19) -> 37.07 | S19: 36.34 | T19: 38.97 | U19: 0 | V19: =100-SUM(S19:U19) -> 24.69 | W19: 33.15 | X19: 33.92 | Y19: 0 | Z19: =100-SUM(W19:Y19) -> 32.93 | AA19: 29.97 | AB19: 10.83 | AC19: - | AD19: =100-SUM(AA19:AC19) -> 59.2 | AE19: 15.64 | AF19: 3.29 | AG19: - | AH19: =100-SUM(AE19:AG19) -> 81.07 | AI19: 6.29 | AJ19: 1.51 | AK19: 1.26 | AL19: =100-SUM(AI19:AK19) -> 90.94 | AM19: 2.21 | AN19: - | AO19: - | AP19: =100-SUM(AM19:AO19) -> 97.79 | AQ19: 0.53 | AR19: 0.21 | AS19: 71 | AT19: =100-SUM(AQ19:AS19) -> 28.26
A20: 45835 | C20: 30.09 | D20: 19.04 | E20: 30.75 | F20: =100-SUM(C20:E20) -> 20.12 | J20: =100-SUM(G20:I20) -> 100 | N20: =100-SUM(K20:M20) -> 100 | R20: =100-SUM(O20:Q20) -> 100 | V20: =100-SUM(S20:U20) -> 100 | Z20: =100-SUM(W20:Y20) -> 100 | AD20: =100-SUM(AA20:AC20) -> 100 | AH20: =100-SUM(AE20:AG20) -> 100 | AL20: =100-SUM(AI20:AK20) -> 100 | AP20: =100-SUM(AM20:AO20) -> 100 | AT20: =100-SUM(AQ20:AS20) -> 100
A22: 45836 | F22: =100-SUM(C22:E22) -> 100 | J22: =100-SUM(G22:I22) -> 100 | N22: =100-SUM(K22:M22) -> 100 | R22: =100-SUM(O22:Q22) -> 100 | V22: =100-SUM(S22:U22) -> 100 | Z22: =100-SUM(W22:Y22) -> 100 | AD22: =100-SUM(AA22:AC22) -> 100 | AH22: =100-SUM(AE22:AG22) -> 100 | AL22: =100-SUM(AI22:AK22) -> 100 | AP22: =100-SUM(AM22:AO22) -> 100 | AT22: =100-SUM(AQ22:AS22) -> 100
A23: 45837 | F23: =100-SUM(C23:E23) -> 100 | J23: =100-SUM(G23:I23) -> 100 | N23: =100-SUM(K23:M23) -> 100 | R23: =100-SUM(O23:Q23) -> 100 | V23: =100-SUM(S23:U23) -> 100 | Z23: =100-SUM(W23:Y23) -> 100 | AD23: =100-SUM(AA23:AC23) -> 100 | AH23: =100-SUM(AE23:AG23) -> 100 | AL23: =100-SUM(AI23:AK23) -> 100 | AP23: =100-SUM(AM23:AO23) -> 100 | AT23: =100-SUM(AQ23:AS23) -> 100
A24: 45838 | C24: 31.07 | D24: 19.3 | E24: 30.96 | F24: =100-SUM(C24:E24) -> 18.67 | G24: 10.18 | H24: 10.53 | I24: 49.94 | J24: =100-SUM(G24:I24) -> 29.35 | K24: 16.92 | L24: 13.07 | M24: 44.78 | N24: =100-SUM(K24:M24) -> 25.23 | O24: 0.54 | P24: 0.22 | Q24: 62 | R24: =100-SUM(O24:Q24) -> 37.24 | S24: 36.43 | T24: 39.76 | U24: 0 | V24: =100-SUM(S24:U24) -> 23.81 | W24: 33.58 | X24: 33.92 | Y24: 0 | Z24: =100-SUM(W24:Y24) -> 32.5 | AA24: 28.98 | AB24: 13.31 | AC24: - | AD24: =100-SUM(AA24:AC24) -> 57.71 | AE24: 15.37 | AF24: 3.36 | AG24: - | AH24: =100-SUM(AE24:AG24) -> 81.27 | AI24: 4.52 | AJ24: 1.35 | AK24: 1.26 | AL24: =100-SUM(AI24:AK24) -> 92.87 | AM24: 2.04 | AN24: - | AO24: - | AP24: =100-SUM(AM24:AO24) -> 97.96 | AQ24: 0.46 | AR24: 0.19 | AS24: 70 | AT24: =100-SUM(AQ24:AS24) -> 29.35
A25: 45839 | C25: 29.98 | D25: 19.11 | E25: 31.2 | F25: =100-SUM(C25:E25) -> 19.71 | J25: =100-SUM(G25:I25) -> 100 | N25: =100-SUM(K25:M25) -> 100 | R25: =100-SUM(O25:Q25) -> 100 | V25: =100-SUM(S25:U25) -> 100 | Z25: =100-SUM(W25:Y25) -> 100 | AD25: =100-SUM(AA25:AC25) -> 100 | AH25: =100-SUM(AE25:AG25) -> 100 | AL25: =100-SUM(AI25:AK25) -> 100 | AP25: =100-SUM(AM25:AO25) -> 100 | AT25: =100-SUM(AQ25:AS25) -> 100
A26: 45840 | C26: 29.92 | D26: 19.75 | E26: 31.44 | F26: =100-SUM(C26:E26) -> 18.89 | J26: =100-SUM(G26:I26) -> 100 | N26: =100-SUM(K26:M26) -> 100 | R26: =100-SUM(O26:Q26) -> 100 | V26: =100-SUM(S26:U26) -> 100 | Z26: =100-SUM(W26:Y26) -> 100 | AD26: =100-SUM(AA26:AC26) -> 100 | AH26: =100-SUM(AE26:AG26) -> 100 | AL26: =100-SUM(AI26:AK26) -> 100 | AP26: =100-SUM(AM26:AO26) -> 100 | AT26: =100-SUM(AQ26:AS26) -> 100
A27: 45841 | C27: 30.89 | D27: 19.66 | E27: 31.68 | F27: =100-SUM(C27:E27) -> 17.77 | G27: 9.94 | H27: 10.41 | I27: 50.19 | J27: =100-SUM(G27:I27) -> 29.46 | K27: 16.92 | L27: 12.98 | M27: 44.91 | N27: =100-SUM(K27:M27) -> 25.19 | O27: 0.61 | P27: 0.23 | Q27: 61 | R27: =100-SUM(O27:Q27) -> 38.16 | S27: 36.93 | T27: 39.89 | U27: 0 | V27: =100-SUM(S27:U27) -> 23.18 | W27: 33.72 | X27: 34.07 | Y27: 0 | Z27: =100-SUM(W27:Y27) -> 32.21 | AA27: 28.61 | AB27: 13.16 | AC27: - | AD27: =100-SUM(AA27:AC27) -> 58.23 | AE27: 17.13 | AF27: 3.84 | AG27: - | AH27: =100-SUM(AE27:AG27) -> 79.03 | AI27: 6.26 | AJ27: 1.39 | AK27: 1.24 | AL27: =100-SUM(AI27:AK27) -> 91.11 | AM27: 3.06 | AN27: - | AO27: - | AP27: =100-SUM(AM27:AO27) -> 96.94 | AQ27: 0.44 | AR27: 0.18 | AS27: 70 | AT27: =100-SUM(AQ27:AS27) -> 29.38
A28: 45842 | C28: 31.89 | D28: 18.91 | E28: 31.97 | F28: =100-SUM(C28:E28) -> 17.23 | J28: =100-SUM(G28:I28) -> 100 | N28: =100-SUM(K28:M28) -> 100 | R28: =100-SUM(O28:Q28) -> 100 | V28: =100-SUM(S28:U28) -> 100 | Z28: =100-SUM(W28:Y28) -> 100 | AD28: =100-SUM(AA28:AC28) -> 100 | AH28: =100-SUM(AE28:AG28) -> 100 | AL28: =100-SUM(AI28:AK28) -> 100 | AP28: =100-SUM(AM28:AO28) -> 100 | AT28: =100-SUM(AQ28:AS28) -> 100
A29: 45843 | F29: =100-SUM(C29:E29) -> 100 | J29: =100-SUM(G29:I29) -> 100 | N29: =100-SUM(K29:M29) -> 100 | R29: =100-SUM(O29:Q29) -> 100 | V29: =100-SUM(S29:U29) -> 100 | Z29: =100-SUM(W29:Y29) -> 100 | AD29: =100-SUM(AA29:AC29) -> 100 | AH29: =100-SUM(AE29:AG29) -> 100 | AL29: =100-SUM(AI29:AK29) -> 100 | AP29: =100-SUM(AM29:AO29) -> 100 | AT29: =100-SUM(AQ29:AS29) -> 100
A30: 45844 | F30: =100-SUM(C30:E30) -> 100 | J30: =100-SUM(G30:I30) -> 100 | N30: =100-SUM(K30:M30) -> 100 | R30: =100-SUM(O30:Q30) -> 100 | V30: =100-SUM(S30:U30) -> 100 | Z30: =100-SUM(W30:Y30) -> 100 | AD30: =100-SUM(AA30:AC30) -> 100 | AH30: =100-SUM(AE30:AG30) -> 100 | AL30: =100-SUM(AI30:AK30) -> 100 | AP30: =100-SUM(AM30:AO30) -> 100 | AT30: =100-SUM(AQ30:AS30) -> 100
A31: 45845 | F31: =100-SUM(C31:E31) -> 100 | J31: =100-SUM(G31:I31) -> 100 | N31: =100-SUM(K31:M31) -> 100 | R31: =100-SUM(O31:Q31) -> 100 | V31: =100-SUM(S31:U31) -> 100 | Z31: =100-SUM(W31:Y31) -> 100 | AD31: =100-SUM(AA31:AC31) -> 100 | AH31: =100-SUM(AE31:AG31) -> 100 | AL31: =100-SUM(AI31:AK31) -> 100 | AP31: =100-SUM(AM31:AO31) -> 100 | AT31: =100-SUM(AQ31:AS31) -> 100
A32: 45846 | C32: 30.61 | D32: 19.93 | E32: 31.62 | F32: =100-SUM(C32:E32) -> 17.84 | G32: 10.63 | H32: 10.92 | I32: 49.8 | J32: =100-SUM(G32:I32) -> 28.65 | N32: =100-SUM(K32:M32) -> 100 | R32: =100-SUM(O32:Q32) -> 100 | S32: 36.49 | T32: 40.79 | U32: 0.55 | V32: =100-SUM(S32:U32) -> 22.17 | W32: 33.15 | X32: 33.9 | Y32: 0.4 | Z32: =100-SUM(W32:Y32) -> 32.55 | AD32: =100-SUM(AA32:AC32) -> 100 | AH32: =100-SUM(AE32:AG32) -> 100 | AL32: =100-SUM(AI32:AK32) -> 100 | AP32: =100-SUM(AM32:AO32) -> 100 | AT32: =100-SUM(AQ32:AS32) -> 100
A33: 45847 | C33: 29.87 | D33: 19.65 | E33: 31.68 | F33: =100-SUM(C33:E33) -> 18.8 | G33: 10.97 | H33: 11.01 | I33: 49.17 | J33: =100-SUM(G33:I33) -> 28.85 | N33: =100-SUM(K33:M33) -> 100 | R33: =100-SUM(O33:Q33) -> 100 | S33: 37.36 | T33: 40.54 | U33: 0.49 | V33: =100-SUM(S33:U33) -> 21.61 | W33: 34.15 | X33: 35.06 | Y33: 0.52 | Z33: =100-SUM(W33:Y33) -> 30.27 | AD33: =100-SUM(AA33:AC33) -> 100 | AH33: =100-SUM(AE33:AG33) -> 100 | AL33: =100-SUM(AI33:AK33) -> 100 | AP33: =100-SUM(AM33:AO33) -> 100 | AT33: =100-SUM(AQ33:AS33) -> 100
A34: 45848 | C34: 29.66 | D34: 19.73 | E34: 32.04 | F34: =100-SUM(C34:E34) -> 18.57 | J34: =100-SUM(G34:I34) -> 100 | N34: =100-SUM(K34:M34) -> 100 | R34: =100-SUM(O34:Q34) -> 100 | V34: =100-SUM(S34:U34) -> 100 | Z34: =100-SUM(W34:Y34) -> 100 | AD34: =100-SUM(AA34:AC34) -> 100 | AH34: =100-SUM(AE34:AG34) -> 100 | AI34: 5.39 | AJ34: 0 | AK34: 1.68 | AL34: =100-SUM(AI34:AK34) -> 92.93 | AM34: 2.04 | AN34: - | AO34: 8.2 | AP34: =100-SUM(AM34:AO34) -> 89.76 | AT34: =100-SUM(AQ34:AS34) -> 100
A35: 45849 | F35: =100-SUM(C35:E35) -> 100 | J35: =100-SUM(G35:I35) -> 100 | N35: =100-SUM(K35:M35) -> 100 | R35: =100-SUM(O35:Q35) -> 100 | V35: =100-SUM(S35:U35) -> 100 | Z35: =100-SUM(W35:Y35) -> 100 | AD35: =100-SUM(AA35:AC35) -> 100 | AH35: =100-SUM(AE35:AG35) -> 100 | AL35: =100-SUM(AI35:AK35) -> 100 | AP35: =100-SUM(AM35:AO35) -> 100 | AT35: =100-SUM(AQ35:AS35) -> 100
A36: 45850 | F36: =100-SUM(C36:E36) -> 100 | J36: =100-SUM(G36:I36) -> 100 | N36: =100-SUM(K36:M36) -> 100 | R36: =100-SUM(O36:Q36) -> 100 | V36: =100-SUM(S36:U36) -> 100 | Z36: =100-SUM(W36:Y36) -> 100 | AD36: =100-SUM(AA36:AC36) -> 100 | AH36: =100-SUM(AE36:AG36) -> 100 | AL36: =100-SUM(AI36:AK36) -> 100 | AP36: =100-SUM(AM36:AO36) -> 100 | AT36: =100-SUM(AQ36:AS36) -> 100
A37: 45851 | F37: =100-SUM(C37:E37) -> 100 | J37: =100-SUM(G37:I37) -> 100 | N37: =100-SUM(K37:M37) -> 100 | R37: =100-SUM(O37:Q37) -> 100 | V37: =100-SUM(S37:U37) -> 100 | Z37: =100-SUM(W37:Y37) -> 100 | AD37: =100-SUM(AA37:AC37) -> 100 | AH37: =100-SUM(AE37:AG37) -> 100 | AL37: =100-SUM(AI37:AK37) -> 100 | AP37: =100-SUM(AM37:AO37) -> 100 | AT37: =100-SUM(AQ37:AS37) -> 100
A38: 45852 | F38: =100-SUM(C38:E38) -> 100 | J38: =100-SUM(G38:I38) -> 100 | N38: =100-SUM(K38:M38) -> 100 | R38: =100-SUM(O38:Q38) -> 100 | V38: =100-SUM(S38:U38) -> 100 | Z38: =100-SUM(W38:Y38) -> 100 | AD38: =100-SUM(AA38:AC38) -> 100 | AH38: =100-SUM(AE38:AG38) -> 100 | AL38: =100-SUM(AI38:AK38) -> 100 | AP38: =100-SUM(AM38:AO38) -> 100 | AT38: =100-SUM(AQ38:AS38) -> 100
A39: 45853 | F39: =100-SUM(C39:E39) -> 100 | J39: =100-SUM(G39:I39) -> 100 | N39: =100-SUM(K39:M39) -> 100 | R39: =100-SUM(O39:Q39) -> 100 | V39: =100-SUM(S39:U39) -> 100 | Z39: =100-SUM(W39:Y39) -> 100 | AD39: =100-SUM(AA39:AC39) -> 100 | AH39: =100-SUM(AE39:AG39) -> 100 | AL39: =100-SUM(AI39:AK39) -> 100 | AP39: =100-SUM(AM39:AO39) -> 100 | AT39: =100-SUM(AQ39:AS39) -> 100
A40: 45854 | F40: =100-SUM(C40:E40) -> 100 | J40: =100-SUM(G40:I40) -> 100 | N40: =100-SUM(K40:M40) -> 100 | R40: =100-SUM(O40:Q40) -> 100 | V40: =100-SUM(S40:U40) -> 100 | Z40: =100-SUM(W40:Y40) -> 100 | AD40: =100-SUM(AA40:AC40) -> 100 | AH40: =100-SUM(AE40:AG40) -> 100 | AL40: =100-SUM(AI40:AK40) -> 100 | AP40: =100-SUM(AM40:AO40) -> 100 | AT40: =100-SUM(AQ40:AS40) -> 100
A41: 45855 | B41: 108 | C41: 30.52 | D41: 18.47 | E41: 32.1 | F41: =100-SUM(C41:E41) -> 18.91 | G41: 10.33 | H41: 10.85 | I41: 50.21 | J41: =100-SUM(G41:I41) -> 28.61 | K41: 17.01 | L41: 12.86 | M41: 45.26 | N41: =100-SUM(K41:M41) -> 24.87 | O41: 0.64 | P41: 0.22 | Q41: 66 | R41: =100-SUM(O41:Q41) -> 33.14 | S41: 37.05 | T41: 41.25 | U41: 0 | V41: =100-SUM(S41:U41) -> 21.7 | W41: 32.98 | X41: 34.47 | Y41: 0 | Z41: =100-SUM(W41:Y41) -> 32.55 | AA41: 27.26 | AB41: 11.96 | AC41: 0 | AD41: =100-SUM(AA41:AC41) -> 60.78 | AE41: 17.43 | AF41: 4.9 | AG41: 0 | AH41: =100-SUM(AE41:AG41) -> 77.67 | AI41: 5.55 | AJ41: 1.72 | AK41: 1.39 | AL41: =100-SUM(AI41:AK41) -> 91.34 | AM41: 1.7 | AN41: 0 | AO41: 0 | AP41: =100-SUM(AM41:AO41) -> 98.3 | AQ41: 0.53 | AR41: 0.19 | AS41: 0 | AT41: =100-SUM(AQ41:AS41) -> 99.28
A42: 45856 | B42: 109 | C42: 30.14 | D42: 18.84 | E42: 31.72 | F42: =100-SUM(C42:E42) -> 19.3 | J42: =100-SUM(G42:I42) -> 100 | N42: =100-SUM(K42:M42) -> 100 | R42: =100-SUM(O42:Q42) -> 100 | S42: 36.89 | T42: 40.42 | U42: 0 | V42: =100-SUM(S42:U42) -> 22.69 | W42: 33.28 | X42: 33.65 | Y42: 0 | Z42: =100-SUM(W42:Y42) -> 33.07 | AD42: =100-SUM(AA42:AC42) -> 100 | AH42: =100-SUM(AE42:AG42) -> 100 | AL42: =100-SUM(AI42:AK42) -> 100 | AP42: =100-SUM(AM42:AO42) -> 100 | AT42: =100-SUM(AQ42:AS42) -> 100
A43: 45857 | F43: =100-SUM(C43:E43) -> 100 | J43: =100-SUM(G43:I43) -> 100 | N43: =100-SUM(K43:M43) -> 100 | R43: =100-SUM(O43:Q43) -> 100 | V43: =100-SUM(S43:U43) -> 100 | Z43: =100-SUM(W43:Y43) -> 100 | AD43: =100-SUM(AA43:AC43) -> 100 | AH43: =100-SUM(AE43:AG43) -> 100 | AL43: =100-SUM(AI43:AK43) -> 100 | AP43: =100-SUM(AM43:AO43) -> 100 | AT43: =100-SUM(AQ43:AS43) -> 100
A44: 45858 | F44: =100-SUM(C44:E44) -> 100 | J44: =100-SUM(G44:I44) -> 100 | N44: =100-SUM(K44:M44) -> 100 | R44: =100-SUM(O44:Q44) -> 100 | V44: =100-SUM(S44:U44) -> 100 | Z44: =100-SUM(W44:Y44) -> 100 | AD44: =100-SUM(AA44:AC44) -> 100 | AH44: =100-SUM(AE44:AG44) -> 100 | AL44: =100-SUM(AI44:AK44) -> 100 | AP44: =100-SUM(AM44:AO44) -> 100 | AT44: =100-SUM(AQ44:AS44) -> 100
A45: 45859 | B45: 108 | C45: 30.15 | D45: 19.1 | E45: 31.96 | F45: =100-SUM(C45:E45) -> 18.79 | G45: 10.68 | H45: 10.97 | I45: 49.88 | J45: =100-SUM(G45:I45) -> 28.47 | K45: 16.15 | L45: 11.69 | M45: 45.45 | N45: =100-SUM(K45:M45) -> 26.71 | O45: 0.64 | P45: 0.22 | Q45: 64 | R45: =100-SUM(O45:Q45) -> 35.14 | S45: 37.26 | T45: 39.8 | U45: 0 | V45: =100-SUM(S45:U45) -> 22.94 | W45: 33.35 | X45: 34.38 | Y45: 0 | Z45: =100-SUM(W45:Y45) -> 32.27 | AA45: 27.66 | AB45: 14.18 | AD45: =100-SUM(AA45:AC45) -> 58.16 | AE45: 16.47 | AF45: 3.96 | AH45: =100-SUM(AE45:AG45) -> 79.57 | AI45: 4.86 | AJ45: 1.72 | AK45: 1.54 | AL45: =100-SUM(AI45:AK45) -> 91.88 | AM45: 2.04 | AN45: 0 | AO45: 0 | AP45: =100-SUM(AM45:AO45) -> 97.96 | AQ45: 0.47 | AR45: 0.19 | AS45: 70 | AT45: =100-SUM(AQ45:AS45) -> 29.34
A46: 45860 | B46: 108 | F46: =100-SUM(C46:E46) -> 100 | J46: =100-SUM(G46:I46) -> 100 | N46: =100-SUM(K46:M46) -> 100 | R46: =100-SUM(O46:Q46) -> 100 | V46: =100-SUM(S46:U46) -> 100 | Z46: =100-SUM(W46:Y46) -> 100 | AD46: =100-SUM(AA46:AC46) -> 100 | AH46: =100-SUM(AE46:AG46) -> 100 | AL46: =100-SUM(AI46:AK46) -> 100 | AP46: =100-SUM(AM46:AO46) -> 100 | AT46: =100-SUM(AQ46:AS46) -> 100
A47: 45861 | F47: =100-SUM(C47:E47) -> 100 | J47: =100-SUM(G47:I47) -> 100 | N47: =100-SUM(K47:M47) -> 100 | R47: =100-SUM(O47:Q47) -> 100 | V47: =100-SUM(S47:U47) -> 100 | Z47: =100-SUM(W47:Y47) -> 100 | AD47: =100-SUM(AA47:AC47) -> 100 | AH47: =100-SUM(AE47:AG47) -> 100 | AL47: =100-SUM(AI47:AK47) -> 100 | AP47: =100-SUM(AM47:AO47) -> 100 | AT47: =100-SUM(AQ47:AS47) -> 100
A48: 45862 | F48: =100-SUM(C48:E48) -> 100 | J48: =100-SUM(G48:I48) -> 100 | N48: =100-SUM(K48:M48) -> 100 | R48: =100-SUM(O48:Q48) -> 100 | V48: =100-SUM(S48:U48) -> 100 | Z48: =100-SUM(W48:Y48) -> 100 | AD48: =100-SUM(AA48:AC48) -> 100 | AH48: =100-SUM(AE48:AG48) -> 100 | AL48: =100-SUM(AI48:AK48) -> 100 | AP48: =100-SUM(AM48:AO48) -> 100 | AT48: =100-SUM(AQ48:AS48) -> 100
A49: 45863 | F49: =100-SUM(C49:E49) -> 100 | J49: =100-SUM(G49:I49) -> 100 | N49: =100-SUM(K49:M49) -> 100 | R49: =100-SUM(O49:Q49) -> 100 | V49: =100-SUM(S49:U49) -> 100 | Z49: =100-SUM(W49:Y49) -> 100 | AD49: =100-SUM(AA49:AC49) -> 100 | AH49: =100-SUM(AE49:AG49) -> 100 | AL49: =100-SUM(AI49:AK49) -> 100 | AP49: =100-SUM(AM49:AO49) -> 100 | AT49: =100-SUM(AQ49:AS49) -> 100
A50: 45864 | F50: =100-SUM(C50:E50) -> 100 | J50: =100-SUM(G50:I50) -> 100 | N50: =100-SUM(K50:M50) -> 100 | R50: =100-SUM(O50:Q50) -> 100 | V50: =100-SUM(S50:U50) -> 100 | Z50: =100-SUM(W50:Y50) -> 100 | AD50: =100-SUM(AA50:AC50) -> 100 | AH50: =100-SUM(AE50:AG50) -> 100 | AL50: =100-SUM(AI50:AK50) -> 100 | AP50: =100-SUM(AM50:AO50) -> 100 | AT50: =100-SUM(AQ50:AS50) -> 100
A51: 45865 | F51: =100-SUM(C51:E51) -> 100 | J51: =100-SUM(G51:I51) -> 100 | N51: =100-SUM(K51:M51) -> 100 | R51: =100-SUM(O51:Q51) -> 100 | V51: =100-SUM(S51:U51) -> 100 | Z51: =100-SUM(W51:Y51) -> 100 | AD51: =100-SUM(AA51:AC51) -> 100 | AH51: =100-SUM(AE51:AG51) -> 100 | AL51: =100-SUM(AI51:AK51) -> 100 | AP51: =100-SUM(AM51:AO51) -> 100 | AT51: =100-SUM(AQ51:AS51) -> 100
A52: 45866 | B52: 102 | C52: 29.47 | D52: 18.9 | E52: 31.89 | F52: =100-SUM(C52:E52) -> 19.74 | G52: 10.98 | H52: 11.1 | I52: 49.3 | J52: =100-SUM(G52:I52) -> 28.62 | N52: =100-SUM(K52:M52) -> 100 | O52: 0.69 | P52: 0.23 | Q52: 69 | R52: =100-SUM(O52:Q52) -> 30.08 | S52: 34.62 | T52: 40.81 | U52: 0 | V52: =100-SUM(S52:U52) -> 24.57 | W52: 32.43 | X52: 35.44 | Z52: =100-SUM(W52:Y52) -> 32.13 | AA52: 24.05 | AB52: 16.14 | AD52: =100-SUM(AA52:AC52) -> 59.81 | AE52: 10.27 | AF52: 7.71 | AH52: =100-SUM(AE52:AG52) -> 82.02 | AI52: 5 | AJ52: 2.79 | AK52: 1.24 | AL52: =100-SUM(AI52:AK52) -> 90.97 | AM52: 1.36 | AP52: =100-SUM(AM52:AO52) -> 98.64 | AQ52: 0.57 | AR52: 0.23 | AS52: 70 | AT52: =100-SUM(AQ52:AS52) -> 29.2
A53: 45867 | B53: 108 | C53: 30.43 | D53: 19.1 | E53: 31.67 | F53: =100-SUM(C53:E53) -> 18.8 | G53: 9.48 | H53: 9.52 | I53: 50.89 | J53: =100-SUM(G53:I53) -> 30.11 | N53: =100-SUM(K53:M53) -> 100 | R53: =100-SUM(O53:Q53) -> 100 | V53: =100-SUM(S53:U53) -> 100 | Z53: =100-SUM(W53:Y53) -> 100 | AD53: =100-SUM(AA53:AC53) -> 100 | AH53: =100-SUM(AE53:AG53) -> 100 | AL53: =100-SUM(AI53:AK53) -> 100 | AP53: =100-SUM(AM53:AO53) -> 100 | AT53: =100-SUM(AQ53:AS53) -> 100
A54: 45868 | B54: 110 | C54: 30.37 | D54: 20.07 | E54: 32.21 | F54: =100-SUM(C54:E54) -> 17.35 | G54: 9.97 | H54: 10.52 | I54: 50.47 | J54: =100-SUM(G54:I54) -> 29.04 | N54: =100-SUM(K54:M54) -> 100 | O54: 0.58 | P54: 0.34 | Q54: 71 | R54: =100-SUM(O54:Q54) -> 28.08 | V54: =100-SUM(S54:U54) -> 100 | W54: 32.53 | X54: 34.56 | Z54: =100-SUM(W54:Y54) -> 32.91 | AA54: 26.3 | AB54: 12.57 | AD54: =100-SUM(AA54:AC54) -> 61.13 | AE54: 12.29 | AF54: 4.34 | AH54: =100-SUM(AE54:AG54) -> 83.37 | AI54: 4.72 | AJ54: 1.69 | AK54: 1.52 | AL54: =100-SUM(AI54:AK54) -> 92.07 | AM54: 2.04 | AP54: =100-SUM(AM54:AO54) -> 97.96 | AQ54: 0.51 | AR54: 0.34 | AS54: 71 | AT54: =100-SUM(AQ54:AS54) -> 28.15
A55: 45869 | B55: 111 | C55: 29.77 | D55: 19.49 | E55: 31.84 | F55: =100-SUM(C55:E55) -> 18.9 | J55: =100-SUM(G55:I55) -> 100 | N55: =100-SUM(K55:M55) -> 100 | R55: =100-SUM(O55:Q55) -> 100 | S55: 37.81 | T55: 40.62 | V55: =100-SUM(S55:U55) -> 21.57 | Z55: =100-SUM(W55:Y55) -> 100 | AD55: =100-SUM(AA55:AC55) -> 100 | AH55: =100-SUM(AE55:AG55) -> 100 | AL55: =100-SUM(AI55:AK55) -> 100 | AP55: =100-SUM(AM55:AO55) -> 100 | AT55: =100-SUM(AQ55:AS55) -> 100
A56: 45870 | B56: 111 | C56: 29.39 | D56: 19.12 | E56: 31.51 | F56: =100-SUM(C56:E56) -> 19.98 | J56: =100-SUM(G56:I56) -> 100 | N56: =100-SUM(K56:M56) -> 100 | R56: =100-SUM(O56:Q56) -> 100 | V56: =100-SUM(S56:U56) -> 100 | Z56: =100-SUM(W56:Y56) -> 100 | AD56: =100-SUM(AA56:AC56) -> 100 | AH56: =100-SUM(AE56:AG56) -> 100 | AL56: =100-SUM(AI56:AK56) -> 100 | AP56: =100-SUM(AM56:AO56) -> 100 | AT56: =100-SUM(AQ56:AS56) -> 100
A57: 45871 | B57: 113 | C57: 29.48 | D57: 19.18 | E57: 31.62 | F57: =100-SUM(C57:E57) -> 19.72 | J57: =100-SUM(G57:I57) -> 100 | N57: =100-SUM(K57:M57) -> 100 | R57: =100-SUM(O57:Q57) -> 100 | V57: =100-SUM(S57:U57) -> 100 | Z57: =100-SUM(W57:Y57) -> 100 | AD57: =100-SUM(AA57:AC57) -> 100 | AH57: =100-SUM(AE57:AG57) -> 100 | AL57: =100-SUM(AI57:AK57) -> 100 | AP57: =100-SUM(AM57:AO57) -> 100 | AT57: =100-SUM(AQ57:AS57) -> 100
A58: 45872 | F58: =100-SUM(C58:E58) -> 100 | J58: =100-SUM(G58:I58) -> 100 | N58: =100-SUM(K58:M58) -> 100 | R58: =100-SUM(O58:Q58) -> 100 | V58: =100-SUM(S58:U58) -> 100 | Z58: =100-SUM(W58:Y58) -> 100 | AD58: =100-SUM(AA58:AC58) -> 100 | AH58: =100-SUM(AE58:AG58) -> 100 | AL58: =100-SUM(AI58:AK58) -> 100 | AP58: =100-SUM(AM58:AO58) -> 100 | AT58: =100-SUM(AQ58:AS58) -> 100
A59: 45873 | F59: =100-SUM(C59:E59) -> 100 | J59: =100-SUM(G59:I59) -> 100 | N59: =100-SUM(K59:M59) -> 100 | R59: =100-SUM(O59:Q59) -> 100 | V59: =100-SUM(S59:U59) -> 100 | Z59: =100-SUM(W59:Y59) -> 100 | AD59: =100-SUM(AA59:AC59) -> 100 | AH59: =100-SUM(AE59:AG59) -> 100 | AL59: =100-SUM(AI59:AK59) -> 100 | AP59: =100-SUM(AM59:AO59) -> 100 | AT59: =100-SUM(AQ59:AS59) -> 100
A60: 45874 | B60: 114 | C60: 29.16 | D60: 19.25 | E60: 31.85 | F60: =100-SUM(C60:E60) -> 19.74 | J60: =100-SUM(G60:I60) -> 100 | N60: =100-SUM(K60:M60) -> 100 | R60: =100-SUM(O60:Q60) -> 100 | S60: 34.85 | T60: 40.72 | V60: =100-SUM(S60:U60) -> 24.43 | Z60: =100-SUM(W60:Y60) -> 100 | AD60: =100-SUM(AA60:AC60) -> 100 | AH60: =100-SUM(AE60:AG60) -> 100 | AL60: =100-SUM(AI60:AK60) -> 100 | AP60: =100-SUM(AM60:AO60) -> 100 | AT60: =100-SUM(AQ60:AS60) -> 100
A61: 45875 | F61: =100-SUM(C61:E61) -> 100 | J61: =100-SUM(G61:I61) -> 100 | N61: =100-SUM(K61:M61) -> 100 | R61: =100-SUM(O61:Q61) -> 100 | V61: =100-SUM(S61:U61) -> 100 | Z61: =100-SUM(W61:Y61) -> 100 | AD61: =100-SUM(AA61:AC61) -> 100 | AH61: =100-SUM(AE61:AG61) -> 100 | AL61: =100-SUM(AI61:AK61) -> 100 | AP61: =100-SUM(AM61:AO61) -> 100 | AT61: =100-SUM(AQ61:AS61) -> 100
A62: 45876 | F62: =100-SUM(C62:E62) -> 100 | J62: =100-SUM(G62:I62) -> 100 | N62: =100-SUM(K62:M62) -> 100 | R62: =100-SUM(O62:Q62) -> 100 | V62: =100-SUM(S62:U62) -> 100 | Z62: =100-SUM(W62:Y62) -> 100 | AD62: =100-SUM(AA62:AC62) -> 100 | AH62: =100-SUM(AE62:AG62) -> 100 | AL62: =100-SUM(AI62:AK62) -> 100 | AP62: =100-SUM(AM62:AO62) -> 100 | AT62: =100-SUM(AQ62:AS62) -> 100
A63: 45877 | C63: 28.97 | D63: 18.59 | E63: 31.46 | F63: =100-SUM(C63:E63) -> 20.98 | J63: =100-SUM(G63:I63) -> 100 | N63: =100-SUM(K63:M63) -> 100 | R63: =100-SUM(O63:Q63) -> 100 | V63: =100-SUM(S63:U63) -> 100 | Z63: =100-SUM(W63:Y63) -> 100 | AD63: =100-SUM(AA63:AC63) -> 100 | AH63: =100-SUM(AE63:AG63) -> 100 | AL63: =100-SUM(AI63:AK63) -> 100 | AP63: =100-SUM(AM63:AO63) -> 100 | AT63: =100-SUM(AQ63:AS63) -> 100
A64: 45878 | F64: =100-SUM(C64:E64) -> 100 | J64: =100-SUM(G64:I64) -> 100 | N64: =100-SUM(K64:M64) -> 100 | R64: =100-SUM(O64:Q64) -> 100 | V64: =100-SUM(S64:U64) -> 100 | Z64: =100-SUM(W64:Y64) -> 100 | AD64: =100-SUM(AA64:AC64) -> 100 | AH64: =100-SUM(AE64:AG64) -> 100 | AL64: =100-SUM(AI64:AK64) -> 100 | AP64: =100-SUM(AM64:AO64) -> 100 | AT64: =100-SUM(AQ64:AS64) -> 100
A65: 45879 | F65: =100-SUM(C65:E65) -> 100 | J65: =100-SUM(G65:I65) -> 100 | N65: =100-SUM(K65:M65) -> 100 | R65: =100-SUM(O65:Q65) -> 100 | V65: =100-SUM(S65:U65) -> 100 | Z65: =100-SUM(W65:Y65) -> 100 | AD65: =100-SUM(AA65:AC65) -> 100 | AH65: =100-SUM(AE65:AG65) -> 100 | AL65: =100-SUM(AI65:AK65) -> 100 | AP65: =100-SUM(AM65:AO65) -> 100 | AT65: =100-SUM(AQ65:AS65) -> 100
A66: 45880 | B66: 114 | C66: 29.12 | D66: 18.86 | E66: 32.34 | F66: =100-SUM(C66:E66) -> 19.68 | G66: 10.11 | H66: 10.93 | I66: 50.93 | J66: =100-SUM(G66:I66) -> 28.03 | K66: 17.1 | L66: 13.07 | M66: 45.35 | N66: =100-SUM(K66:M66) -> 24.48 | O66: 0.95 | P66: 0.41 | Q66: 70 | R66: =100-SUM(O66:Q66) -> 28.64 | S66: 37.27 | T66: 43.07 | V66: =100-SUM(S66:U66) -> 19.66 | W66: 33.65 | X66: 36.11 | Z66: =100-SUM(W66:Y66) -> 30.24 | AA66: 26.41 | AB66: 16.96 | AD66: =100-SUM(AA66:AC66) -> 56.63 | AE66: 14.1 | AF66: 6.24 | AH66: =100-SUM(AE66:AG66) -> 79.66 | AI66: 5.29 | AJ66: 2.49 | AK66: 1.49 | AL66: =100-SUM(AI66:AK66) -> 90.73 | AM66: 2.38 | AP66: =100-SUM(AM66:AO66) -> 97.62 | AQ66: 0.56 | AR66: 0.26 | AS66: 74 | AT66: =100-SUM(AQ66:AS66) -> 25.18
A67: 45881 | C67: 30.1 | D67: 19.21 | E67: 32.11 | F67: =100-SUM(C67:E67) -> 18.58 | J67: =100-SUM(G67:I67) -> 100 | N67: =100-SUM(K67:M67) -> 100 | R67: =100-SUM(O67:Q67) -> 100 | V67: =100-SUM(S67:U67) -> 100 | Z67: =100-SUM(W67:Y67) -> 100 | AD67: =100-SUM(AA67:AC67) -> 100 | AH67: =100-SUM(AE67:AG67) -> 100 | AL67: =100-SUM(AI67:AK67) -> 100 | AP67: =100-SUM(AM67:AO67) -> 100 | AT67: =100-SUM(AQ67:AS67) -> 100
A68: 45882 | B68: 113.5 | C68: 29.94 | D68: 18.97 | E68: 32.04 | F68: =100-SUM(C68:E68) -> 19.05 | J68: =100-SUM(G68:I68) -> 100 | N68: =100-SUM(K68:M68) -> 100 | R68: =100-SUM(O68:Q68) -> 100 | V68: =100-SUM(S68:U68) -> 100 | Z68: =100-SUM(W68:Y68) -> 100 | AD68: =100-SUM(AA68:AC68) -> 100 | AH68: =100-SUM(AE68:AG68) -> 100 | AL68: =100-SUM(AI68:AK68) -> 100 | AP68: =100-SUM(AM68:AO68) -> 100 | AT68: =100-SUM(AQ68:AS68) -> 100
A69: 45883 | F69: =100-SUM(C69:E69) -> 100 | J69: =100-SUM(G69:I69) -> 100 | N69: =100-SUM(K69:M69) -> 100 | R69: =100-SUM(O69:Q69) -> 100 | V69: =100-SUM(S69:U69) -> 100 | Z69: =100-SUM(W69:Y69) -> 100 | AD69: =100-SUM(AA69:AC69) -> 100 | AH69: =100-SUM(AE69:AG69) -> 100 | AL69: =100-SUM(AI69:AK69) -> 100 | AP69: =100-SUM(AM69:AO69) -> 100 | AT69: =100-SUM(AQ69:AS69) -> 100
A70: 45884 | B70: 113.5 | C70: 29.41 | D70: 19.1 | E70: 31.85 | F70: =100-SUM(C70:E70) -> 19.64 | J70: =100-SUM(G70:I70) -> 100 | N70: =100-SUM(K70:M70) -> 100 | R70: =100-SUM(O70:Q70) -> 100 | V70: =100-SUM(S70:U70) -> 100 | Z70: =100-SUM(W70:Y70) -> 100 | AD70: =100-SUM(AA70:AC70) -> 100 | AH70: =100-SUM(AE70:AG70) -> 100 | AL70: =100-SUM(AI70:AK70) -> 100 | AP70: =100-SUM(AM70:AO70) -> 100 | AT70: =100-SUM(AQ70:AS70) -> 100
A71: 45885 | F71: =100-SUM(C71:E71) -> 100 | J71: =100-SUM(G71:I71) -> 100 | N71: =100-SUM(K71:M71) -> 100 | R71: =100-SUM(O71:Q71) -> 100 | V71: =100-SUM(S71:U71) -> 100 | Z71: =100-SUM(W71:Y71) -> 100 | AD71: =100-SUM(AA71:AC71) -> 100 | AH71: =100-SUM(AE71:AG71) -> 100 | AL71: =100-SUM(AI71:AK71) -> 100 | AP71: =100-SUM(AM71:AO71) -> 100 | AT71: =100-SUM(AQ71:AS71) -> 100
A72: 45886 | F72: =100-SUM(C72:E72) -> 100 | J72: =100-SUM(G72:I72) -> 100 | N72: =100-SUM(K72:M72) -> 100 | R72: =100-SUM(O72:Q72) -> 100 | V72: =100-SUM(S72:U72) -> 100 | Z72: =100-SUM(W72:Y72) -> 100 | AD72: =100-SUM(AA72:AC72) -> 100 | AH72: =100-SUM(AE72:AG72) -> 100 | AL72: =100-SUM(AI72:AK72) -> 100 | AP72: =100-SUM(AM72:AO72) -> 100 | AT72: =100-SUM(AQ72:AS72) -> 100
A73: 45887 | B73: 113.5 | C73: 29.06 | D73: 18.51 | E73: 31.93 | F73: =100-SUM(C73:E73) -> 20.5 | G73: 10.12 | H73: 10.89 | I73: 50.31 | J73: =100-SUM(G73:I73) -> 28.68 | K73: 17.29 | L73: 12.97 | M73: 44.91 | N73: =100-SUM(K73:M73) -> 24.83 | O73: 0.82 | P73: 0.39 | Q73: 69 | R73: =100-SUM(O73:Q73) -> 29.79 | S73: 37.28 | T73: 40.56 | V73: =100-SUM(S73:U73) -> 22.16 | W73: 33.4 | X73: 35.77 | Z73: =100-SUM(W73:Y73) -> 30.83 | AA73: 25.41 | AB73: 13.33 | AD73: =100-SUM(AA73:AC73) -> 61.26 | AE73: 13.76 | AF73: 5.74 | AH73: =100-SUM(AE73:AG73) -> 80.5 | AI73: 5.51 | AJ73: 1.72 | AK73: 1.3 | AL73: =100-SUM(AI73:AK73) -> 91.47 | AM73: 4.08 | AP73: =100-SUM(AM73:AO73) -> 95.92 | AQ73: 0.63 | AR73: 0.26 | AS73: 70 | AT73: =100-SUM(AQ73:AS73) -> 29.11
A74: 45888 | B74: 113.5 | C74: 29.19 | D74: 18.67 | E74: 31.85 | F74: =100-SUM(C74:E74) -> 20.29 | J74: =100-SUM(G74:I74) -> 100 | N74: =100-SUM(K74:M74) -> 100 | R74: =100-SUM(O74:Q74) -> 100 | V74: =100-SUM(S74:U74) -> 100 | Z74: =100-SUM(W74:Y74) -> 100 | AD74: =100-SUM(AA74:AC74) -> 100 | AH74: =100-SUM(AE74:AG74) -> 100 | AL74: =100-SUM(AI74:AK74) -> 100 | AP74: =100-SUM(AM74:AO74) -> 100 | AT74: =100-SUM(AQ74:AS74) -> 100
A75: 45889 | B75: 113.5 | C75: 29.03 | D75: 18.77 | E75: 32.12 | F75: =100-SUM(C75:E75) -> 20.08 | J75: =100-SUM(G75:I75) -> 100 | N75: =100-SUM(K75:M75) -> 100 | R75: =100-SUM(O75:Q75) -> 100 | V75: =100-SUM(S75:U75) -> 100 | Z75: =100-SUM(W75:Y75) -> 100 | AD75: =100-SUM(AA75:AC75) -> 100 | AH75: =100-SUM(AE75:AG75) -> 100 | AL75: =100-SUM(AI75:AK75) -> 100 | AP75: =100-SUM(AM75:AO75) -> 100 | AT75: =100-SUM(AQ75:AS75) -> 100
A76: 45890 | C76: 28.84 | D76: 18.83 | E76: 32.12 | F76: =100-SUM(C76:E76) -> 20.21 | G76: 10.14 | H76: 10.72 | I76: 50.71 | J76: =100-SUM(G76:I76) -> 28.43 | K76: 16.81 | L76: 12.46 | M76: 44.92 | N76: =100-SUM(K76:M76) -> 25.81 | R76: =100-SUM(O76:Q76) -> 100 | S76: 36.46 | T76: 39.12 | V76: =100-SUM(S76:U76) -> 24.42 | W76: 33.92 | X76: 35.41 | Z76: =100-SUM(W76:Y76) -> 30.67 | AA76: 26.12 | AB76: 12.96 | AD76: =100-SUM(AA76:AC76) -> 60.92 | AE76: 13.91 | AF76: 5.55 | AH76: =100-SUM(AE76:AG76) -> 80.54 | AI76: 5.44 | AJ76: 1.48 | AK76: 1.36 | AL76: =100-SUM(AI76:AK76) -> 91.72 | AM76: 2.72 | AP76: =100-SUM(AM76:AO76) -> 97.28 | AQ76: 0.49 | AR76: 0.27 | AS76: 70 | AT76: =100-SUM(AQ76:AS76) -> 29.24
A77: 45891 | F77: =100-SUM(C77:E77) -> 100 | J77: =100-SUM(G77:I77) -> 100 | N77: =100-SUM(K77:M77) -> 100 | R77: =100-SUM(O77:Q77) -> 100 | V77: =100-SUM(S77:U77) -> 100 | Z77: =100-SUM(W77:Y77) -> 100 | AD77: =100-SUM(AA77:AC77) -> 100 | AH77: =100-SUM(AE77:AG77) -> 100 | AL77: =100-SUM(AI77:AK77) -> 100 | AP77: =100-SUM(AM77:AO77) -> 100 | AT77: =100-SUM(AQ77:AS77) -> 100
A78: 45892 | F78: =100-SUM(C78:E78) -> 100 | J78: =100-SUM(G78:I78) -> 100 | N78: =100-SUM(K78:M78) -> 100 | R78: =100-SUM(O78:Q78) -> 100 | V78: =100-SUM(S78:U78) -> 100 | Z78: =100-SUM(W78:Y78) -> 100 | AD78: =100-SUM(AA78:AC78) -> 100 | AH78: =100-SUM(AE78:AG78) -> 100 | AL78: =100-SUM(AI78:AK78) -> 100 | AP78: =100-SUM(AM78:AO78) -> 100 | AT78: =100-SUM(AQ78:AS78) -> 100
A79: 45893 | F79: =100-SUM(C79:E79) -> 100 | J79: =100-SUM(G79:I79) -> 100 | N79: =100-SUM(K79:M79) -> 100 | R79: =100-SUM(O79:Q79) -> 100 | V79: =100-SUM(S79:U79) -> 100 | Z79: =100-SUM(W79:Y79) -> 100 | AD79: =100-SUM(AA79:AC79) -> 100 | AH79: =100-SUM(AE79:AG79) -> 100 | AL79: =100-SUM(AI79:AK79) -> 100 | AP79: =100-SUM(AM79:AO79) -> 100 | AT79: =100-SUM(AQ79:AS79) -> 100
A80: 45894 | B80: 113.5 | C80: 28.89 | D80: 18.46 | E80: 31.79 | F80: =100-SUM(C80:E80) -> 20.86 | G80: 10.02 | H80: 10.56 | I80: 50.63 | J80: =100-SUM(G80:I80) -> 28.79 | K80: 16.29 | L80: 12.58 | M80: 45.91 | N80: =100-SUM(K80:M80) -> 25.22 | O80: 0.65 | P80: 0.3 | Q80: 70 | R80: =100-SUM(O80:Q80) -> 29.05 | S80: 36.9 | T80: 40.77 | V80: =100-SUM(S80:U80) -> 22.33 | W80: 33.76 | X80: 35.92 | Z80: =100-SUM(W80:Y80) -> 30.32 | AA80: 23.52 | AB80: 11.97 | AD80: =100-SUM(AA80:AC80) -> 64.51 | AE80: 13.88 | AF80: 5.74 | AH80: =100-SUM(AE80:AG80) -> 80.38 | AI80: 6.36 | AJ80: 1.92 | AK80: 1.31 | AL80: =100-SUM(AI80:AK80) -> 90.41 | AM80: 2.72 | AP80: =100-SUM(AM80:AO80) -> 97.28 | AQ80: 0.47 | AR80: 0.23 | AS80: 72 | AT80: =100-SUM(AQ80:AS80) -> 27.3
A81: 45895 | B81: 113.5 | C81: 28.72 | D81: 18.57 | E81: 31.71 | F81: =100-SUM(C81:E81) -> 21 | J81: =100-SUM(G81:I81) -> 100 | N81: =100-SUM(K81:M81) -> 100 | R81: =100-SUM(O81:Q81) -> 100 | V81: =100-SUM(S81:U81) -> 100 | Z81: =100-SUM(W81:Y81) -> 100 | AD81: =100-SUM(AA81:AC81) -> 100 | AH81: =100-SUM(AE81:AG81) -> 100 | AL81: =100-SUM(AI81:AK81) -> 100 | AP81: =100-SUM(AM81:AO81) -> 100 | AT81: =100-SUM(AQ81:AS81) -> 100
A82: 45896 | F82: =100-SUM(C82:E82) -> 100 | J82: =100-SUM(G82:I82) -> 100 | N82: =100-SUM(K82:M82) -> 100 | R82: =100-SUM(O82:Q82) -> 100 | V82: =100-SUM(S82:U82) -> 100 | Z82: =100-SUM(W82:Y82) -> 100 | AD82: =100-SUM(AA82:AC82) -> 100 | AH82: =100-SUM(AE82:AG82) -> 100 | AL82: =100-SUM(AI82:AK82) -> 100 | AP82: =100-SUM(AM82:AO82) -> 100 | AT82: =100-SUM(AQ82:AS82) -> 100
A83: 45897 | C83: 28.78 | D83: 18.63 | E83: 31.91 | F83: =100-SUM(C83:E83) -> 20.68 | G83: 10.22 | H83: 10.73 | I83: 50.19 | J83: =100-SUM(G83:I83) -> 28.86 | K83: 16.86 | L83: 12.44 | M83: 45.16 | N83: =100-SUM(K83:M83) -> 25.54 | O83: 0.68 | P83: 0.32 | Q83: 70 | R83: =100-SUM(O83:Q83) -> 29 | S83: 36.88 | T83: 39.9 | V83: =100-SUM(S83:U83) -> 23.22 | W83: 33.41 | X83: 35.82 | Z83: =100-SUM(W83:Y83) -> 30.77 | AA83: 24.4 | AB83: 12.1 | AD83: =100-SUM(AA83:AC83) -> 63.5 | AE83: 13.48 | AF83: 5.77 | AH83: =100-SUM(AE83:AG83) -> 80.75 | AI83: 5.71 | AJ83: 1.31 | AK83: 1.48 | AL83: =100-SUM(AI83:AK83) -> 91.5 | AM83: 2.38 | AP83: =100-SUM(AM83:AO83) -> 97.62 | AQ83: 0.47 | AR83: 0.23 | AS83: 72 | AT83: =100-SUM(AQ83:AS83) -> 27.3
A84: 45898 | C84: 28.67 | D84: 18.51 | E84: 31.74 | F84: =100-SUM(C84:E84) -> 21.08 | J84: =100-SUM(G84:I84) -> 100 | N84: =100-SUM(K84:M84) -> 100 | R84: =100-SUM(O84:Q84) -> 100 | V84: =100-SUM(S84:U84) -> 100 | Z84: =100-SUM(W84:Y84) -> 100 | AD84: =100-SUM(AA84:AC84) -> 100 | AH84: =100-SUM(AE84:AG84) -> 100 | AL84: =100-SUM(AI84:AK84) -> 100 | AP84: =100-SUM(AM84:AO84) -> 100 | AT84: =100-SUM(AQ84:AS84) -> 100
A85: 45899 | F85: =100-SUM(C85:E85) -> 100 | J85: =100-SUM(G85:I85) -> 100 | N85: =100-SUM(K85:M85) -> 100 | R85: =100-SUM(O85:Q85) -> 100 | V85: =100-SUM(S85:U85) -> 100 | Z85: =100-SUM(W85:Y85) -> 100 | AD85: =100-SUM(AA85:AC85) -> 100 | AH85: =100-SUM(AE85:AG85) -> 100 | AL85: =100-SUM(AI85:AK85) -> 100 | AP85: =100-SUM(AM85:AO85) -> 100 | AT85: =100-SUM(AQ85:AS85) -> 100
A86: 45900 | F86: =100-SUM(C86:E86) -> 100 | J86: =100-SUM(G86:I86) -> 100 | N86: =100-SUM(K86:M86) -> 100 | R86: =100-SUM(O86:Q86) -> 100 | V86: =100-SUM(S86:U86) -> 100 | Z86: =100-SUM(W86:Y86) -> 100 | AD86: =100-SUM(AA86:AC86) -> 100 | AH86: =100-SUM(AE86:AG86) -> 100 | AL86: =100-SUM(AI86:AK86) -> 100 | AP86: =100-SUM(AM86:AO86) -> 100 | AT86: =100-SUM(AQ86:AS86) -> 100
A87: 45901 | F87: =100-SUM(C87:E87) -> 100 | J87: =100-SUM(G87:I87) -> 100 | N87: =100-SUM(K87:M87) -> 100 | R87: =100-SUM(O87:Q87) -> 100 | V87: =100-SUM(S87:U87) -> 100 | Z87: =100-SUM(W87:Y87) -> 100 | AD87: =100-SUM(AA87:AC87) -> 100 | AH87: =100-SUM(AE87:AG87) -> 100 | AL87: =100-SUM(AI87:AK87) -> 100 | AP87: =100-SUM(AM87:AO87) -> 100 | AT87: =100-SUM(AQ87:AS87) -> 100
A88: 45902 | C88: 28.76 | D88: 18.56 | E88: 31.66 | F88: =100-SUM(C88:E88) -> 21.02 | G88: 10.17 | H88: 10.79 | I88: 50.33 | J88: =100-SUM(G88:I88) -> 28.71 | K88: 15.91 | L88: 12.07 | M88: 44.97 | N88: =100-SUM(K88:M88) -> 27.05 | O88: 0.66 | P88: 0.34 | Q88: 71 | R88: =100-SUM(O88:Q88) -> 28 | S88: 37.22 | T88: 40.13 | V88: =100-SUM(S88:U88) -> 22.65 | W88: 33.74 | X88: 35.71 | Z88: =100-SUM(W88:Y88) -> 30.55 | AA88: 25.11 | AB88: 11.84 | AD88: =100-SUM(AA88:AC88) -> 63.05 | AE88: 13.82 | AF88: 5.47 | AH88: =100-SUM(AE88:AG88) -> 80.71 | AI88: 6.77 | AJ88: 1.34 | AK88: 1.27 | AL88: =100-SUM(AI88:AK88) -> 90.62 | AM88: 2.72 | AP88: =100-SUM(AM88:AO88) -> 97.28 | AQ88: 0.44 | AR88: 0.2 | AS88: 73 | AT88: =100-SUM(AQ88:AS88) -> 26.36
A89: 45903 | C89: 28.63 | D89: 18.41 | E89: 31.43 | F89: =100-SUM(C89:E89) -> 21.53 | J89: =100-SUM(G89:I89) -> 100 | N89: =100-SUM(K89:M89) -> 100 | R89: =100-SUM(O89:Q89) -> 100 | V89: =100-SUM(S89:U89) -> 100 | Z89: =100-SUM(W89:Y89) -> 100 | AD89: =100-SUM(AA89:AC89) -> 100 | AH89: =100-SUM(AE89:AG89) -> 100 | AL89: =100-SUM(AI89:AK89) -> 100 | AP89: =100-SUM(AM89:AO89) -> 100 | AT89: =100-SUM(AQ89:AS89) -> 100
A90: 45904 | C90: 29.43 | D90: 18.7 | E90: 31.92 | F90: =100-SUM(C90:E90) -> 19.95 | G90: 10.12 | H90: 10.63 | I90: 50.67 | J90: =100-SUM(G90:I90) -> 28.58 | K90: 16.93 | L90: 12.26 | M90: 45.75 | N90: =100-SUM(K90:M90) -> 25.06 | O90: 0.72 | P90: 0.43 | Q90: 70 | R90: =100-SUM(O90:Q90) -> 28.85 | S90: 36.13 | T90: 39.31 | V90: =100-SUM(S90:U90) -> 24.56 | W90: 34.46 | X90: 35.94 | Z90: =100-SUM(W90:Y90) -> 29.6 | AA90: 25.42 | AB90: 11.7 | AD90: =100-SUM(AA90:AC90) -> 62.88 | AE90: 15.59 | AF90: 6.21 | AH90: =100-SUM(AE90:AG90) -> 78.2 | AI90: 5.44 | AJ90: 1.31 | AK90: 1.2 | AL90: =100-SUM(AI90:AK90) -> 92.05 | AM90: 2.72 | AP90: =100-SUM(AM90:AO90) -> 97.28 | AQ90: 0.48 | AR90: 0.27 | AS90: 72 | AT90: =100-SUM(AQ90:AS90) -> 27.25
A91: 45905 | C91: 28.91 | D91: 18.4 | E91: 31.76 | F91: =100-SUM(C91:E91) -> 20.93 | J91: =100-SUM(G91:I91) -> 100 | N91: =100-SUM(K91:M91) -> 100 | R91: =100-SUM(O91:Q91) -> 100 | V91: =100-SUM(S91:U91) -> 100 | Z91: =100-SUM(W91:Y91) -> 100 | AD91: =100-SUM(AA91:AC91) -> 100 | AH91: =100-SUM(AE91:AG91) -> 100 | AL91: =100-SUM(AI91:AK91) -> 100 | AP91: =100-SUM(AM91:AO91) -> 100 | AT91: =100-SUM(AQ91:AS91) -> 100
A92: 45906 | F92: =100-SUM(C92:E92) -> 100 | J92: =100-SUM(G92:I92) -> 100 | N92: =100-SUM(K92:M92) -> 100 | R92: =100-SUM(O92:Q92) -> 100 | V92: =100-SUM(S92:U92) -> 100 | Z92: =100-SUM(W92:Y92) -> 100 | AD92: =100-SUM(AA92:AC92) -> 100 | AH92: =100-SUM(AE92:AG92) -> 100 | AL92: =100-SUM(AI92:AK92) -> 100 | AP92: =100-SUM(AM92:AO92) -> 100 | AT92: =100-SUM(AQ92:AS92) -> 100
A93: 45907 | F93: =100-SUM(C93:E93) -> 100 | J93: =100-SUM(G93:I93) -> 100 | N93: =100-SUM(K93:M93) -> 100 | R93: =100-SUM(O93:Q93) -> 100 | V93: =100-SUM(S93:U93) -> 100 | Z93: =100-SUM(W93:Y93) -> 100 | AD93: =100-SUM(AA93:AC93) -> 100 | AH93: =100-SUM(AE93:AG93) -> 100 | AL93: =100-SUM(AI93:AK93) -> 100 | AP93: =100-SUM(AM93:AO93) -> 100 | AT93: =100-SUM(AQ93:AS93) -> 100
A94: 45908 | F94: =100-SUM(C94:E94) -> 100 | J94: =100-SUM(G94:I94) -> 100 | N94: =100-SUM(K94:M94) -> 100 | R94: =100-SUM(O94:Q94) -> 100 | V94: =100-SUM(S94:U94) -> 100 | Z94: =100-SUM(W94:Y94) -> 100 | AD94: =100-SUM(AA94:AC94) -> 100 | AH94: =100-SUM(AE94:AG94) -> 100 | AL94: =100-SUM(AI94:AK94) -> 100 | AP94: =100-SUM(AM94:AO94) -> 100 | AT94: =100-SUM(AQ94:AS94) -> 100
A95: 45909 | C95: 29.06 | D95: 18.69 | E95: 31.89 | F95: =100-SUM(C95:E95) -> 20.36 | J95: =100-SUM(G95:I95) -> 100 | N95: =100-SUM(K95:M95) -> 100 | R95: =100-SUM(O95:Q95) -> 100 | V95: =100-SUM(S95:U95) -> 100 | Z95: =100-SUM(W95:Y95) -> 100 | AD95: =100-SUM(AA95:AC95) -> 100 | AH95: =100-SUM(AE95:AG95) -> 100 | AL95: =100-SUM(AI95:AK95) -> 100 | AP95: =100-SUM(AM95:AO95) -> 100 | AT95: =100-SUM(AQ95:AS95) -> 100
A96: 45910 | C96: 28.89 | D96: 18.96 | E96: 31.93 | F96: =100-SUM(C96:E96) -> 20.22 | J96: =100-SUM(G96:I96) -> 100 | N96: =100-SUM(K96:M96) -> 100 | R96: =100-SUM(O96:Q96) -> 100 | V96: =100-SUM(S96:U96) -> 100 | Z96: =100-SUM(W96:Y96) -> 100 | AD96: =100-SUM(AA96:AC96) -> 100 | AH96: =100-SUM(AE96:AG96) -> 100 | AL96: =100-SUM(AI96:AK96) -> 100 | AP96: =100-SUM(AM96:AO96) -> 100 | AT96: =100-SUM(AQ96:AS96) -> 100
A97: 45911 | C97: 28.85 | D97: 18.66 | E97: 31.84 | F97: =100-SUM(C97:E97) -> 20.65 | G97: 9.95 | H97: 10.41 | I97: 51.8 | J97: =100-SUM(G97:I97) -> 27.84 | K97: 18.25 | L97: 12.96 | M97: 45.04 | N97: =100-SUM(K97:M97) -> 23.75 | O97: 0.85 | P97: 0.43 | Q97: 70 | R97: =100-SUM(O97:Q97) -> 28.72 | S97: 36.12 | T97: 40.14 | V97: =100-SUM(S97:U97) -> 23.74 | W97: 34.71 | X97: 35.76 | Z97: =100-SUM(W97:Y97) -> 29.53 | AA97: 24.36 | AB97: 12.01 | AD97: =100-SUM(AA97:AC97) -> 63.63 | AE97: 15.7 | AF97: 7.41 | AH97: =100-SUM(AE97:AG97) -> 76.89 | AI97: 5.78 | AJ97: 1.49 | AK97: 1.31 | AL97: =100-SUM(AI97:AK97) -> 91.42 | AM97: 2.38 | AP97: =100-SUM(AM97:AO97) -> 97.62 | AQ97: 0.56 | AR97: 0.29 | AS97: 72 | AT97: =100-SUM(AQ97:AS97) -> 27.15
A98: 45912 | C98: 28.26 | D98: 18.1 | E98: 31.21 | F98: =100-SUM(C98:E98) -> 22.43 | J98: =100-SUM(G98:I98) -> 100 | N98: =100-SUM(K98:M98) -> 100 | R98: =100-SUM(O98:Q98) -> 100 | V98: =100-SUM(S98:U98) -> 100 | Z98: =100-SUM(W98:Y98) -> 100 | AD98: =100-SUM(AA98:AC98) -> 100 | AH98: =100-SUM(AE98:AG98) -> 100 | AL98: =100-SUM(AI98:AK98) -> 100 | AP98: =100-SUM(AM98:AO98) -> 100 | AT98: =100-SUM(AQ98:AS98) -> 100
A99: 45913 | F99: =100-SUM(C99:E99) -> 100 | J99: =100-SUM(G99:I99) -> 100 | N99: =100-SUM(K99:M99) -> 100 | R99: =100-SUM(O99:Q99) -> 100 | V99: =100-SUM(S99:U99) -> 100 | Z99: =100-SUM(W99:Y99) -> 100 | AD99: =100-SUM(AA99:AC99) -> 100 | AH99: =100-SUM(AE99:AG99) -> 100 | AL99: =100-SUM(AI99:AK99) -> 100 | AP99: =100-SUM(AM99:AO99) -> 100 | AT99: =100-SUM(AQ99:AS99) -> 100
A100: 45914 | F100: =100-SUM(C100:E100) -> 100 | J100: =100-SUM(G100:I100) -> 100 | N100: =100-SUM(K100:M100) -> 100 | R100: =100-SUM(O100:Q100) -> 100 | V100: =100-SUM(S100:U100) -> 100 | Z100: =100-SUM(W100:Y100) -> 100 | AD100: =100-SUM(AA100:AC100) -> 100 | AH100: =100-SUM(AE100:AG100) -> 100 | AL100: =100-SUM(AI100:AK100) -> 100 | AP100: =100-SUM(AM100:AO100) -> 100 | AT100: =100-SUM(AQ100:AS100) -> 100
A101: 45915 | F101: =100-SUM(C101:E101) -> 100 | J101: =100-SUM(G101:I101) -> 100 | N101: =100-SUM(K101:M101) -> 100 | R101: =100-SUM(O101:Q101) -> 100 | V101: =100-SUM(S101:U101) -> 100 | Z101: =100-SUM(W101:Y101) -> 100 | AD101: =100-SUM(AA101:AC101) -> 100 | AH101: =100-SUM(AE101:AG101) -> 100 | AL101: =100-SUM(AI101:AK101) -> 100 | AP101: =100-SUM(AM101:AO101) -> 100 | AT101: =100-SUM(AQ101:AS101) -> 100
...

Sheet Efficiencies
A1: UREA PLANT ANALYSIS DASHBOARD
B2: UREA REACTOR | G2: STRIPPER | J2: HPD | M2: HPA | O2: LPA | Q2: Remarks
A3: Design Values | B3: 0.58 | C3: 0.37 | D3: 3.11 | E3: 0.52 | F3: 1.899 | G3: 0.78 | H3: 2.01 | I3: 0.52 | J3: 0.654 | K3: 2.41 | L3: 0.55 | M3: 2.38 | N3: 1.289 | O3: 2.29 | P3: 2.28
A4: Date | B4: CO2 Conversion | C4: NH3 Conversion | D4: N/C | E4: H/C | F4: H/U | G4: Efficiency | H4: N/C | I4: H/C | J4: Efficiency | K4: N/C | L4: H/C | M4: N/C | N4: H/C | O4: N/C | P4: H/C
A5: 45819 | B5: =IFERROR(('Lab Analysis'!E4/('Lab Analysis'!E4+(1.364*'Lab Analysis'!D4))),"0") -> 0.56087767 | C5: =IFERROR((2*'Lab Analysis'!E4/60)/('Lab Analysis'!C4/17+(2*'Lab Analysis'!E4/60)),"0") -> 0.37927755 | D5: =IFERROR(((2*('Lab Analysis'!E4/60)+('Lab Analysis'!C4/17))/(('Lab Analysis'!D4/44)+('Lab Analysis'!E4/60))),"0") -> 2.957957 | E5: =IFERROR((('Lab Analysis'!F4/18)-('Lab Analysis'!E4/60))/(('Lab Analysis'!D4/44)+('Lab Analysis'!E4/60)),"0") -> 0.53829996 | F5: =IFERROR((('Lab Analysis'!F4/18)/('Lab Analysis'!E4/60)),"0") -> 1.9596334 | G5: =IFERROR(('Lab Analysis'!I4/('Lab Analysis'!I4+(1.765*'Lab Analysis'!G4))),"0") -> 0 | H5: =IFERROR(((2*('Lab Analysis'!I4/60))+('Lab Analysis'!G4/17))/(('Lab Analysis'!H4/44)+('Lab Analysis'!I4/60)),"0") -> 0 | I5: =IFERROR((('Lab Analysis'!J4/18)-('Lab Analysis'!I4/60))/(('Lab Analysis'!H4/44)+('Lab Analysis'!I4/60)),"0") -> 0 | J5: =IFERROR(('Lab Analysis'!M4/('Lab Analysis'!M4+(1.765*'Lab Analysis'!K4))),"0") -> 0 | K5: =IFERROR(((2*('Lab Analysis'!M4/60))+('Lab Analysis'!K4/17))/(('Lab Analysis'!L4/44)+('Lab Analysis'!M4/60)),"0") -> 0 | L5: =IFERROR((('Lab Analysis'!N4/18)-('Lab Analysis'!M4/60))/(('Lab Analysis'!L4/44)+('Lab Analysis'!M4/60)),"0") -> 0 | M5: =IFERROR(((2*('Lab Analysis'!U4/60))+('Lab Analysis'!S4/17))/(('Lab Analysis'!T4/44)+('Lab Analysis'!U4/60)),"0") -> 0 | N5: =IFERROR((('Lab Analysis'!V4/18)-('Lab Analysis'!U4/60))/(('Lab Analysis'!T4/44)+('Lab Analysis'!U4/60)),"0") -> 0 | O5: =IFERROR(((2*('Lab Analysis'!Y4/60)+('Lab Analysis'!W4/17))/(('Lab Analysis'!X4/44)+('Lab Analysis'!Y4/60))),"0") -> 0 | P5: =IFERROR((('Lab Analysis'!Z4/18)-('Lab Analysis'!Y4/60))/(('Lab Analysis'!X4/44)+('Lab Analysis'!Y4/60)),"0") -> 0
A6: 45820 | B6: =IFERROR(('Lab Analysis'!E5/('Lab Analysis'!E5+(1.364*'Lab Analysis'!D5))),"0") -> 0.55258556 | C6: =IFERROR((2*'Lab Analysis'!E5/60)/('Lab Analysis'!C5/17+(2*'Lab Analysis'!E5/60)),"0") -> 0.37483147 | D6: =IFERROR(((2*('Lab Analysis'!E5/60)+('Lab Analysis'!C5/17))/(('Lab Analysis'!D5/44)+('Lab Analysis'!E5/60))),"0") -> 2.9487998 | E6: =IFERROR((('Lab Analysis'!F5/18)-('Lab Analysis'!E5/60))/(('Lab Analysis'!D5/44)+('Lab Analysis'!E5/60)),"0") -> 0.54722143 | F6: =IFERROR((('Lab Analysis'!F5/18)/('Lab Analysis'!E5/60)),"0") -> 1.9901746 | G6: =IFERROR(('Lab Analysis'!I5/('Lab Analysis'!I5+(1.765*'Lab Analysis'!G5))),"0") -> 0.72508936 | H6: =IFERROR(((2*('Lab Analysis'!I5/60))+('Lab Analysis'!G5/17))/(('Lab Analysis'!H5/44)+('Lab Analysis'!I5/60)),"0") -> 2.1248166 | I6: =IFERROR((('Lab Analysis'!J5/18)-('Lab Analysis'!I5/60))/(('Lab Analysis'!H5/44)+('Lab Analysis'!I5/60)),"0") -> 0.64689988 | J6: =IFERROR(('Lab Analysis'!M5/('Lab Analysis'!M5+(1.765*'Lab Analysis'!K5))),"0") -> 0.59743829 | K6: =IFERROR(((2*('Lab Analysis'!M5/60))+('Lab Analysis'!K5/17))/(('Lab Analysis'!L5/44)+('Lab Analysis'!M5/60)),"0") -> 2.3958083 | L6: =IFERROR((('Lab Analysis'!N5/18)-('Lab Analysis'!M5/60))/(('Lab Analysis'!L5/44)+('Lab Analysis'!M5/60)),"0") -> 0.7861459 | M6: =IFERROR(((2*('Lab Analysis'!U5/60))+('Lab Analysis'!S5/17))/(('Lab Analysis'!T5/44)+('Lab Analysis'!U5/60)),"0") -> 0 | N6: =IFERROR((('Lab Analysis'!V5/18)-('Lab Analysis'!U5/60))/(('Lab Analysis'!T5/44)+('Lab Analysis'!U5/60)),"0") -> 0 | O6: =IFERROR(((2*('Lab Analysis'!Y5/60)+('Lab Analysis'!W5/17))/(('Lab Analysis'!X5/44)+('Lab Analysis'!Y5/60))),"0") -> 0 | P6: =IFERROR((('Lab Analysis'!Z5/18)-('Lab Analysis'!Y5/60))/(('Lab Analysis'!X5/44)+('Lab Analysis'!Y5/60)),"0") -> 0
A7: 45821 | B7: =IFERROR(('Lab Analysis'!E6/('Lab Analysis'!E6+(1.364*'Lab Analysis'!D6))),"0") -> 0.54558798 | C7: =IFERROR((2*'Lab Analysis'!E6/60)/('Lab Analysis'!C6/17+(2*'Lab Analysis'!E6/60)),"0") -> 0.37275638 | D7: =IFERROR(((2*('Lab Analysis'!E6/60)+('Lab Analysis'!C6/17))/(('Lab Analysis'!D6/44)+('Lab Analysis'!E6/60))),"0") -> 2.9276713 | E7: =IFERROR((('Lab Analysis'!F6/18)-('Lab Analysis'!E6/60))/(('Lab Analysis'!D6/44)+('Lab Analysis'!E6/60)),"0") -> 0.53910071 | F7: =IFERROR((('Lab Analysis'!F6/18)/('Lab Analysis'!E6/60)),"0") -> 1.9879899 | G7: =IFERROR(('Lab Analysis'!I6/('Lab Analysis'!I6+(1.765*'Lab Analysis'!G6))),"0") -> 0 | H7: =IFERROR(((2*('Lab Analysis'!I6/60))+('Lab Analysis'!G6/17))/(('Lab Analysis'!H6/44)+('Lab Analysis'!I6/60)),"0") -> 0 | I7: =IFERROR((('Lab Analysis'!J6/18)-('Lab Analysis'!I6/60))/(('Lab Analysis'!H6/44)+('Lab Analysis'!I6/60)),"0") -> 0 | J7: =IFERROR(('Lab Analysis'!M6/('Lab Analysis'!M6+(1.765*'Lab Analysis'!K6))),"0") -> 0 | K7: =IFERROR(((2*('Lab Analysis'!M6/60))+('Lab Analysis'!K6/17))/(('Lab Analysis'!L6/44)+('Lab Analysis'!M6/60)),"0") -> 0 | L7: =IFERROR((('Lab Analysis'!N6/18)-('Lab Analysis'!M6/60))/(('Lab Analysis'!L6/44)+('Lab Analysis'!M6/60)),"0") -> 0 | M7: =IFERROR(((2*('Lab Analysis'!U6/60))+('Lab Analysis'!S6/17))/(('Lab Analysis'!T6/44)+('Lab Analysis'!U6/60)),"0") -> 0 | N7: =IFERROR((('Lab Analysis'!V6/18)-('Lab Analysis'!U6/60))/(('Lab Analysis'!T6/44)+('Lab Analysis'!U6/60)),"0") -> 0 | O7: =IFERROR(((2*('Lab Analysis'!Y6/60)+('Lab Analysis'!W6/17))/(('Lab Analysis'!X6/44)+('Lab Analysis'!Y6/60))),"0") -> 0 | P7: =IFERROR((('Lab Analysis'!Z6/18)-('Lab Analysis'!Y6/60))/(('Lab Analysis'!X6/44)+('Lab Analysis'!Y6/60)),"0") -> 0
A8: 45822 | B8: =IFERROR(('Lab Analysis'!E7/('Lab Analysis'!E7+(1.364*'Lab Analysis'!D7))),"0") -> 0 | C8: =IFERROR((2*'Lab Analysis'!E7/60)/('Lab Analysis'!C7/17+(2*'Lab Analysis'!E7/60)),"0") -> 0 | D8: =IFERROR(((2*('Lab Analysis'!E7/60)+('Lab Analysis'!C7/17))/(('Lab Analysis'!D7/44)+('Lab Analysis'!E7/60))),"0") -> 0 | E8: =IFERROR((('Lab Analysis'!F7/18)-('Lab Analysis'!E7/60))/(('Lab Analysis'!D7/44)+('Lab Analysis'!E7/60)),"0") -> 0 | F8: =IFERROR((('Lab Analysis'!F7/18)/('Lab Analysis'!E7/60)),"0") -> 0 | G8: =IFERROR(('Lab Analysis'!I7/('Lab Analysis'!I7+(1.765*'Lab Analysis'!G7))),"0") -> 0 | H8: =IFERROR(((2*('Lab Analysis'!I7/60))+('Lab Analysis'!G7/17))/(('Lab Analysis'!H7/44)+('Lab Analysis'!I7/60)),"0") -> 0 | I8: =IFERROR((('Lab Analysis'!J7/18)-('Lab Analysis'!I7/60))/(('Lab Analysis'!H7/44)+('Lab Analysis'!I7/60)),"0") -> 0 | J8: =IFERROR(('Lab Analysis'!M7/('Lab Analysis'!M7+(1.765*'Lab Analysis'!K7))),"0") -> 0 | K8: =IFERROR(((2*('Lab Analysis'!M7/60))+('Lab Analysis'!K7/17))/(('Lab Analysis'!L7/44)+('Lab Analysis'!M7/60)),"0") -> 0 | L8: =IFERROR((('Lab Analysis'!N7/18)-('Lab Analysis'!M7/60))/(('Lab Analysis'!L7/44)+('Lab Analysis'!M7/60)),"0") -> 0 | M8: =IFERROR(((2*('Lab Analysis'!U7/60))+('Lab Analysis'!S7/17))/(('Lab Analysis'!T7/44)+('Lab Analysis'!U7/60)),"0") -> 0 | N8: =IFERROR((('Lab Analysis'!V7/18)-('Lab Analysis'!U7/60))/(('Lab Analysis'!T7/44)+('Lab Analysis'!U7/60)),"0") -> 0 | O8: =IFERROR(((2*('Lab Analysis'!Y7/60)+('Lab Analysis'!W7/17))/(('Lab Analysis'!X7/44)+('Lab Analysis'!Y7/60))),"0") -> 0 | P8: =IFERROR((('Lab Analysis'!Z7/18)-('Lab Analysis'!Y7/60))/(('Lab Analysis'!X7/44)+('Lab Analysis'!Y7/60)),"0") -> 0
A9: 45823 | B9: =IFERROR(('Lab Analysis'!E8/('Lab Analysis'!E8+(1.364*'Lab Analysis'!D8))),"0") -> 0 | C9: =IFERROR((2*'Lab Analysis'!E8/60)/('Lab Analysis'!C8/17+(2*'Lab Analysis'!E8/60)),"0") -> 0 | D9: =IFERROR(((2*('Lab Analysis'!E8/60)+('Lab Analysis'!C8/17))/(('Lab Analysis'!D8/44)+('Lab Analysis'!E8/60))),"0") -> 0 | E9: =IFERROR((('Lab Analysis'!F8/18)-('Lab Analysis'!E8/60))/(('Lab Analysis'!D8/44)+('Lab Analysis'!E8/60)),"0") -> 0 | F9: =IFERROR((('Lab Analysis'!F8/18)/('Lab Analysis'!E8/60)),"0") -> 0 | G9: =IFERROR(('Lab Analysis'!I8/('Lab Analysis'!I8+(1.765*'Lab Analysis'!G8))),"0") -> 0 | H9: =IFERROR(((2*('Lab Analysis'!I8/60))+('Lab Analysis'!G8/17))/(('Lab Analysis'!H8/44)+('Lab Analysis'!I8/60)),"0") -> 0 | I9: =IFERROR((('Lab Analysis'!J8/18)-('Lab Analysis'!I8/60))/(('Lab Analysis'!H8/44)+('Lab Analysis'!I8/60)),"0") -> 0 | J9: =IFERROR(('Lab Analysis'!M8/('Lab Analysis'!M8+(1.765*'Lab Analysis'!K8))),"0") -> 0 | K9: =IFERROR(((2*('Lab Analysis'!M8/60))+('Lab Analysis'!K8/17))/(('Lab Analysis'!L8/44)+('Lab Analysis'!M8/60)),"0") -> 0 | L9: =IFERROR((('Lab Analysis'!N8/18)-('Lab Analysis'!M8/60))/(('Lab Analysis'!L8/44)+('Lab Analysis'!M8/60)),"0") -> 0 | M9: =IFERROR(((2*('Lab Analysis'!U8/60))+('Lab Analysis'!S8/17))/(('Lab Analysis'!T8/44)+('Lab Analysis'!U8/60)),"0") -> 0 | N9: =IFERROR((('Lab Analysis'!V8/18)-('Lab Analysis'!U8/60))/(('Lab Analysis'!T8/44)+('Lab Analysis'!U8/60)),"0") -> 0 | O9: =IFERROR(((2*('Lab Analysis'!Y8/60)+('Lab Analysis'!W8/17))/(('Lab Analysis'!X8/44)+('Lab Analysis'!Y8/60))),"0") -> 0 | P9: =IFERROR((('Lab Analysis'!Z8/18)-('Lab Analysis'!Y8/60))/(('Lab Analysis'!X8/44)+('Lab Analysis'!Y8/60)),"0") -> 0
A10: 45824 | B10: =IFERROR(('Lab Analysis'!E9/('Lab Analysis'!E9+(1.364*'Lab Analysis'!D9))),"0") -> 0.53433276 | C10: =IFERROR((2*'Lab Analysis'!E9/60)/('Lab Analysis'!C9/17+(2*'Lab Analysis'!E9/60)),"0") -> 0.36513393 | D10: =IFERROR(((2*('Lab Analysis'!E9/60)+('Lab Analysis'!C9/17))/(('Lab Analysis'!D9/44)+('Lab Analysis'!E9/60))),"0") -> 2.9271402 | E10: =IFERROR((('Lab Analysis'!F9/18)-('Lab Analysis'!E9/60))/(('Lab Analysis'!D9/44)+('Lab Analysis'!E9/60)),"0") -> 0.49311603 | F10: =IFERROR((('Lab Analysis'!F9/18)/('Lab Analysis'!E9/60)),"0") -> 1.9227486 | G10: =IFERROR(('Lab Analysis'!I9/('Lab Analysis'!I9+(1.765*'Lab Analysis'!G9))),"0") -> 0.71879041 | H10: =IFERROR(((2*('Lab Analysis'!I9/60))+('Lab Analysis'!G9/17))/(('Lab Analysis'!H9/44)+('Lab Analysis'!I9/60)),"0") -> 2.1319964 | I10: =IFERROR((('Lab Analysis'!J9/18)-('Lab Analysis'!I9/60))/(('Lab Analysis'!H9/44)+('Lab Analysis'!I9/60)),"0") -> 0.7313925 | J10: =IFERROR(('Lab Analysis'!M9/('Lab Analysis'!M9+(1.765*'Lab Analysis'!K9))),"0") -> 0.60149281 | K10: =IFERROR(((2*('Lab Analysis'!M9/60))+('Lab Analysis'!K9/17))/(('Lab Analysis'!L9/44)+('Lab Analysis'!M9/60)),"0") -> 2.370623 | L10: =IFERROR((('Lab Analysis'!N9/18)-('Lab Analysis'!M9/60))/(('Lab Analysis'!L9/44)+('Lab Analysis'!M9/60)),"0") -> 0.74656064 | M10: =IFERROR(((2*('Lab Analysis'!U9/60))+('Lab Analysis'!S9/17))/(('Lab Analysis'!T9/44)+('Lab Analysis'!U9/60)),"0") -> 0 | N10: =IFERROR((('Lab Analysis'!V9/18)-('Lab Analysis'!U9/60))/(('Lab Analysis'!T9/44)+('Lab Analysis'!U9/60)),"0") -> 0 | O10: =IFERROR(((2*('Lab Analysis'!Y9/60)+('Lab Analysis'!W9/17))/(('Lab Analysis'!X9/44)+('Lab Analysis'!Y9/60))),"0") -> 0 | P10: =IFERROR((('Lab Analysis'!Z9/18)-('Lab Analysis'!Y9/60))/(('Lab Analysis'!X9/44)+('Lab Analysis'!Y9/60)),"0") -> 0
A11: 45825 | B11: =IFERROR(('Lab Analysis'!E10/('Lab Analysis'!E10+(1.364*'Lab Analysis'!D10))),"0") -> 0.54443233 | C11: =IFERROR((2*'Lab Analysis'!E10/60)/('Lab Analysis'!C10/17+(2*'Lab Analysis'!E10/60)),"0") -> 0.37094348 | D11: =IFERROR(((2*('Lab Analysis'!E10/60)+('Lab Analysis'!C10/17))/(('Lab Analysis'!D10/44)+('Lab Analysis'!E10/60))),"0") -> 2.9357489 | E11: =IFERROR((('Lab Analysis'!F10/18)-('Lab Analysis'!E10/60))/(('Lab Analysis'!D10/44)+('Lab Analysis'!E10/60)),"0") -> 0.49582437 | F11: =IFERROR((('Lab Analysis'!F10/18)/('Lab Analysis'!E10/60)),"0") -> 1.9106075 | G11: =IFERROR(('Lab Analysis'!I10/('Lab Analysis'!I10+(1.765*'Lab Analysis'!G10))),"0") -> 0 | H11: =IFERROR(((2*('Lab Analysis'!I10/60))+('Lab Analysis'!G10/17))/(('Lab Analysis'!H10/44)+('Lab Analysis'!I10/60)),"0") -> 0 | I11: =IFERROR((('Lab Analysis'!J10/18)-('Lab Analysis'!I10/60))/(('Lab Analysis'!H10/44)+('Lab Analysis'!I10/60)),"0") -> 0 | J11: =IFERROR(('Lab Analysis'!M10/('Lab Analysis'!M10+(1.765*'Lab Analysis'!K10))),"0") -> 0 | K11: =IFERROR(((2*('Lab Analysis'!M10/60))+('Lab Analysis'!K10/17))/(('Lab Analysis'!L10/44)+('Lab Analysis'!M10/60)),"0") -> 0 | L11: =IFERROR((('Lab Analysis'!N10/18)-('Lab Analysis'!M10/60))/(('Lab Analysis'!L10/44)+('Lab Analysis'!M10/60)),"0") -> 0 | M11: =IFERROR(((2*('Lab Analysis'!U10/60))+('Lab Analysis'!S10/17))/(('Lab Analysis'!T10/44)+('Lab Analysis'!U10/60)),"0") -> 0 | N11: =IFERROR((('Lab Analysis'!V10/18)-('Lab Analysis'!U10/60))/(('Lab Analysis'!T10/44)+('Lab Analysis'!U10/60)),"0") -> 0 | O11: =IFERROR(((2*('Lab Analysis'!Y10/60)+('Lab Analysis'!W10/17))/(('Lab Analysis'!X10/44)+('Lab Analysis'!Y10/60))),"0") -> 0 | P11: =IFERROR((('Lab Analysis'!Z10/18)-('Lab Analysis'!Y10/60))/(('Lab Analysis'!X10/44)+('Lab Analysis'!Y10/60)),"0") -> 0
A12: 45826 | B12: =IFERROR(('Lab Analysis'!E11/('Lab Analysis'!E11+(1.364*'Lab Analysis'!D11))),"0") -> 0.54230195 | C12: =IFERROR((2*'Lab Analysis'!E11/60)/('Lab Analysis'!C11/17+(2*'Lab Analysis'!E11/60)),"0") -> 0.37674119 | D12: =IFERROR(((2*('Lab Analysis'!E11/60)+('Lab Analysis'!C11/17))/(('Lab Analysis'!D11/44)+('Lab Analysis'!E11/60))),"0") -> 2.8792611 | E12: =IFERROR((('Lab Analysis'!F11/18)-('Lab Analysis'!E11/60))/(('Lab Analysis'!D11/44)+('Lab Analysis'!E11/60)),"0") -> 0.54659378 | F12: =IFERROR((('Lab Analysis'!F11/18)/('Lab Analysis'!E11/60)),"0") -> 2.0077911 | G12: =IFERROR(('Lab Analysis'!I11/('Lab Analysis'!I11+(1.765*'Lab Analysis'!G11))),"0") -> 0 | H12: =IFERROR(((2*('Lab Analysis'!I11/60))+('Lab Analysis'!G11/17))/(('Lab Analysis'!H11/44)+('Lab Analysis'!I11/60)),"0") -> 0 | I12: =IFERROR((('Lab Analysis'!J11/18)-('Lab Analysis'!I11/60))/(('Lab Analysis'!H11/44)+('Lab Analysis'!I11/60)),"0") -> 0 | J12: =IFERROR(('Lab Analysis'!M11/('Lab Analysis'!M11+(1.765*'Lab Analysis'!K11))),"0") -> 0 | K12: =IFERROR(((2*('Lab Analysis'!M11/60))+('Lab Analysis'!K11/17))/(('Lab Analysis'!L11/44)+('Lab Analysis'!M11/60)),"0") -> 0 | L12: =IFERROR((('Lab Analysis'!N11/18)-('Lab Analysis'!M11/60))/(('Lab Analysis'!L11/44)+('Lab Analysis'!M11/60)),"0") -> 0 | M12: =IFERROR(((2*('Lab Analysis'!U11/60))+('Lab Analysis'!S11/17))/(('Lab Analysis'!T11/44)+('Lab Analysis'!U11/60)),"0") -> 0 | N12: =IFERROR((('Lab Analysis'!V11/18)-('Lab Analysis'!U11/60))/(('Lab Analysis'!T11/44)+('Lab Analysis'!U11/60)),"0") -> 0 | O12: =IFERROR(((2*('Lab Analysis'!Y11/60)+('Lab Analysis'!W11/17))/(('Lab Analysis'!X11/44)+('Lab Analysis'!Y11/60))),"0") -> 0 | P12: =IFERROR((('Lab Analysis'!Z11/18)-('Lab Analysis'!Y11/60))/(('Lab Analysis'!X11/44)+('Lab Analysis'!Y11/60)),"0") -> 0
A13: 45827 | B13: =IFERROR(('Lab Analysis'!E12/('Lab Analysis'!E12+(1.364*'Lab Analysis'!D12))),"0") -> 0.55009441 | C13: =IFERROR((2*'Lab Analysis'!E12/60)/('Lab Analysis'!C12/17+(2*'Lab Analysis'!E12/60)),"0") -> 0.35770812 | D13: =IFERROR(((2*('Lab Analysis'!E12/60)+('Lab Analysis'!C12/17))/(('Lab Analysis'!D12/44)+('Lab Analysis'!E12/60))),"0") -> 3.0760297 | E13: =IFERROR((('Lab Analysis'!F12/18)-('Lab Analysis'!E12/60))/(('Lab Analysis'!D12/44)+('Lab Analysis'!E12/60)),"0") -> 0.59103183 | F13: =IFERROR((('Lab Analysis'!F12/18)/('Lab Analysis'!E12/60)),"0") -> 2.07429 | G13: =IFERROR(('Lab Analysis'!I12/('Lab Analysis'!I12+(1.765*'Lab Analysis'!G12))),"0") -> 0.73781146 | H13: =IFERROR(((2*('Lab Analysis'!I12/60))+('Lab Analysis'!G12/17))/(('Lab Analysis'!H12/44)+('Lab Analysis'!I12/60)),"0") -> 2.1116088 | I13: =IFERROR((('Lab Analysis'!J12/18)-('Lab Analysis'!I12/60))/(('Lab Analysis'!H12/44)+('Lab Analysis'!I12/60)),"0") -> 0.66689874 | J13: =IFERROR(('Lab Analysis'!M12/('Lab Analysis'!M12+(1.765*'Lab Analysis'!K12))),"0") -> 0.59872055 | K13: =IFERROR(((2*('Lab Analysis'!M12/60))+('Lab Analysis'!K12/17))/(('Lab Analysis'!L12/44)+('Lab Analysis'!M12/60)),"0") -> 2.3879875 | L13: =IFERROR((('Lab Analysis'!N12/18)-('Lab Analysis'!M12/60))/(('Lab Analysis'!L12/44)+('Lab Analysis'!M12/60)),"0") -> 0.60770548 | M13: =IFERROR(((2*('Lab Analysis'!U12/60))+('Lab Analysis'!S12/17))/(('Lab Analysis'!T12/44)+('Lab Analysis'!U12/60)),"0") -> 0 | N13: =IFERROR((('Lab Analysis'!V12/18)-('Lab Analysis'!U12/60))/(('Lab Analysis'!T12/44)+('Lab Analysis'!U12/60)),"0") -> 0 | O13: =IFERROR(((2*('Lab Analysis'!Y12/60)+('Lab Analysis'!W12/17))/(('Lab Analysis'!X12/44)+('Lab Analysis'!Y12/60))),"0") -> 0 | P13: =IFERROR((('Lab Analysis'!Z12/18)-('Lab Analysis'!Y12/60))/(('Lab Analysis'!X12/44)+('Lab Analysis'!Y12/60)),"0") -> 0
A14: 45828 | B14: =IFERROR(('Lab Analysis'!E13/('Lab Analysis'!E13+(1.364*'Lab Analysis'!D13))),"0") -> 0.54068077 | C14: =IFERROR((2*'Lab Analysis'!E13/60)/('Lab Analysis'!C13/17+(2*'Lab Analysis'!E13/60)),"0") -> 0.37010979 | D14: =IFERROR(((2*('Lab Analysis'!E13/60)+('Lab Analysis'!C13/17))/(('Lab Analysis'!D13/44)+('Lab Analysis'!E13/60))),"0") -> 2.9220896 | E14: =IFERROR((('Lab Analysis'!F13/18)-('Lab Analysis'!E13/60))/(('Lab Analysis'!D13/44)+('Lab Analysis'!E13/60)),"0") -> 0.5234495 | F14: =IFERROR((('Lab Analysis'!F13/18)/('Lab Analysis'!E13/60)),"0") -> 1.9680119 | G14: =IFERROR(('Lab Analysis'!I13/('Lab Analysis'!I13+(1.765*'Lab Analysis'!G13))),"0") -> 0 | H14: =IFERROR(((2*('Lab Analysis'!I13/60))+('Lab Analysis'!G13/17))/(('Lab Analysis'!H13/44)+('Lab Analysis'!I13/60)),"0") -> 0 | I14: =IFERROR((('Lab Analysis'!J13/18)-('Lab Analysis'!I13/60))/(('Lab Analysis'!H13/44)+('Lab Analysis'!I13/60)),"0") -> 0 | J14: =IFERROR(('Lab Analysis'!M13/('Lab Analysis'!M13+(1.765*'Lab Analysis'!K13))),"0") -> 0 | K14: =IFERROR(((2*('Lab Analysis'!M13/60))+('Lab Analysis'!K13/17))/(('Lab Analysis'!L13/44)+('Lab Analysis'!M13/60)),"0") -> 0 | L14: =IFERROR((('Lab Analysis'!N13/18)-('Lab Analysis'!M13/60))/(('Lab Analysis'!L13/44)+('Lab Analysis'!M13/60)),"0") -> 0 | M14: =IFERROR(((2*('Lab Analysis'!U13/60))+('Lab Analysis'!S13/17))/(('Lab Analysis'!T13/44)+('Lab Analysis'!U13/60)),"0") -> 0 | N14: =IFERROR((('Lab Analysis'!V13/18)-('Lab Analysis'!U13/60))/(('Lab Analysis'!T13/44)+('Lab Analysis'!U13/60)),"0") -> 0 | O14: =IFERROR(((2*('Lab Analysis'!Y13/60)+('Lab Analysis'!W13/17))/(('Lab Analysis'!X13/44)+('Lab Analysis'!Y13/60))),"0") -> 0 | P14: =IFERROR((('Lab Analysis'!Z13/18)-('Lab Analysis'!Y13/60))/(('Lab Analysis'!X13/44)+('Lab Analysis'!Y13/60)),"0") -> 0
A15: 45829 | B15: =IFERROR(('Lab Analysis'!E14/('Lab Analysis'!E14+(1.364*'Lab Analysis'!D14))),"0") -> 0 | C15: =IFERROR((2*'Lab Analysis'!E14/60)/('Lab Analysis'!C14/17+(2*'Lab Analysis'!E14/60)),"0") -> 0 | D15: =IFERROR(((2*('Lab Analysis'!E14/60)+('Lab Analysis'!C14/17))/(('Lab Analysis'!D14/44)+('Lab Analysis'!E14/60))),"0") -> 0 | E15: =IFERROR((('Lab Analysis'!F14/18)-('Lab Analysis'!E14/60))/(('Lab Analysis'!D14/44)+('Lab Analysis'!E14/60)),"0") -> 0 | F15: =IFERROR((('Lab Analysis'!F14/18)/('Lab Analysis'!E14/60)),"0") -> 0 | G15: =IFERROR(('Lab Analysis'!I14/('Lab Analysis'!I14+(1.765*'Lab Analysis'!G14))),"0") -> 0 | H15: =IFERROR(((2*('Lab Analysis'!I14/60))+('Lab Analysis'!G14/17))/(('Lab Analysis'!H14/44)+('Lab Analysis'!I14/60)),"0") -> 0 | I15: =IFERROR((('Lab Analysis'!J14/18)-('Lab Analysis'!I14/60))/(('Lab Analysis'!H14/44)+('Lab Analysis'!I14/60)),"0") -> 0 | J15: =IFERROR(('Lab Analysis'!M14/('Lab Analysis'!M14+(1.765*'Lab Analysis'!K14))),"0") -> 0 | K15: =IFERROR(((2*('Lab Analysis'!M14/60))+('Lab Analysis'!K14/17))/(('Lab Analysis'!L14/44)+('Lab Analysis'!M14/60)),"0") -> 0 | L15: =IFERROR((('Lab Analysis'!N14/18)-('Lab Analysis'!M14/60))/(('Lab Analysis'!L14/44)+('Lab Analysis'!M14/60)),"0") -> 0 | M15: =IFERROR(((2*('Lab Analysis'!U14/60))+('Lab Analysis'!S14/17))/(('Lab Analysis'!T14/44)+('Lab Analysis'!U14/60)),"0") -> 0 | N15: =IFERROR((('Lab Analysis'!V14/18)-('Lab Analysis'!U14/60))/(('Lab Analysis'!T14/44)+('Lab Analysis'!U14/60)),"0") -> 0 | O15: =IFERROR(((2*('Lab Analysis'!Y14/60)+('Lab Analysis'!W14/17))/(('Lab Analysis'!X14/44)+('Lab Analysis'!Y14/60))),"0") -> 0 | P15: =IFERROR((('Lab Analysis'!Z14/18)-('Lab Analysis'!Y14/60))/(('Lab Analysis'!X14/44)+('Lab Analysis'!Y14/60)),"0") -> 0
A16: 45830 | B16: =IFERROR(('Lab Analysis'!E15/('Lab Analysis'!E15+(1.364*'Lab Analysis'!D15))),"0") -> 0 | C16: =IFERROR((2*'Lab Analysis'!E15/60)/('Lab Analysis'!C15/17+(2*'Lab Analysis'!E15/60)),"0") -> 0 | D16: =IFERROR(((2*('Lab Analysis'!E15/60)+('Lab Analysis'!C15/17))/(('Lab Analysis'!D15/44)+('Lab Analysis'!E15/60))),"0") -> 0 | E16: =IFERROR((('Lab Analysis'!F15/18)-('Lab Analysis'!E15/60))/(('Lab Analysis'!D15/44)+('Lab Analysis'!E15/60)),"0") -> 0 | F16: =IFERROR((('Lab Analysis'!F15/18)/('Lab Analysis'!E15/60)),"0") -> 0 | G16: =IFERROR(('Lab Analysis'!I15/('Lab Analysis'!I15+(1.765*'Lab Analysis'!G15))),"0") -> 0 | H16: =IFERROR(((2*('Lab Analysis'!I15/60))+('Lab Analysis'!G15/17))/(('Lab Analysis'!H15/44)+('Lab Analysis'!I15/60)),"0") -> 0 | I16: =IFERROR((('Lab Analysis'!J15/18)-('Lab Analysis'!I15/60))/(('Lab Analysis'!H15/44)+('Lab Analysis'!I15/60)),"0") -> 0 | J16: =IFERROR(('Lab Analysis'!M15/('Lab Analysis'!M15+(1.765*'Lab Analysis'!K15))),"0") -> 0 | K16: =IFERROR(((2*('Lab Analysis'!M15/60))+('Lab Analysis'!K15/17))/(('Lab Analysis'!L15/44)+('Lab Analysis'!M15/60)),"0") -> 0 | L16: =IFERROR((('Lab Analysis'!N15/18)-('Lab Analysis'!M15/60))/(('Lab Analysis'!L15/44)+('Lab Analysis'!M15/60)),"0") -> 0 | M16: =IFERROR(((2*('Lab Analysis'!U15/60))+('Lab Analysis'!S15/17))/(('Lab Analysis'!T15/44)+('Lab Analysis'!U15/60)),"0") -> 0 | N16: =IFERROR((('Lab Analysis'!V15/18)-('Lab Analysis'!U15/60))/(('Lab Analysis'!T15/44)+('Lab Analysis'!U15/60)),"0") -> 0 | O16: =IFERROR(((2*('Lab Analysis'!Y15/60)+('Lab Analysis'!W15/17))/(('Lab Analysis'!X15/44)+('Lab Analysis'!Y15/60))),"0") -> 0 | P16: =IFERROR((('Lab Analysis'!Z15/18)-('Lab Analysis'!Y15/60))/(('Lab Analysis'!X15/44)+('Lab Analysis'!Y15/60)),"0") -> 0
... A21: 45835 | B21: =IFERROR(('Lab Analysis'!E20/('Lab Analysis'!E20+(1.364*'Lab Analysis'!D20))),"0") -> 0.54213146 | C21: =IFERROR((2*'Lab Analysis'!E20/60)/('Lab Analysis'!C20/17+(2*'Lab Analysis'!E20/60)),"0") -> 0.3667263 | D21: =IFERROR(((2*('Lab Analysis'!E20/60)+('Lab Analysis'!C20/17))/(('Lab Analysis'!D20/44)+('Lab Analysis'!E20/60))),"0") -> 2.9569608 | E21: =IFERROR((('Lab Analysis'!F20/18)-('Lab Analysis'!E20/60))/(('Lab Analysis'!D20/44)+('Lab Analysis'!E20/60)),"0") -> 0.64035158 | F21: =IFERROR((('Lab Analysis'!F20/18)/('Lab Analysis'!E20/60)),"0") -> 2.1810298 | G21: =IFERROR(('Lab Analysis'!I20/('Lab Analysis'!I20+(1.765*'Lab Analysis'!G20))),"0") -> 0 | H21: =IFERROR(((2*('Lab Analysis'!I20/60))+('Lab Analysis'!G20/17))/(('Lab Analysis'!H20/44)+('Lab Analysis'!I20/60)),"0") -> 0 | I21: =IFERROR((('Lab Analysis'!J20/18)-('Lab Analysis'!I20/60))/(('Lab Analysis'!H20/44)+('Lab Analysis'!I20/60)),"0") -> 0 | J21: =IFERROR(('Lab Analysis'!M20/('Lab Analysis'!M20+(1.765*'Lab Analysis'!K20))),"0") -> 0 | K21: =IFERROR(((2*('Lab Analysis'!M20/60))+('Lab Analysis'!K20/17))/(('Lab Analysis'!L20/44)+('Lab Analysis'!M20/60)),"0") -> 0 | L21: =IFERROR((('Lab Analysis'!N20/18)-('Lab Analysis'!M20/60))/(('Lab Analysis'!L20/44)+('Lab Analysis'!M20/60)),"0") -> 0 | M21: =IFERROR(((2*('Lab Analysis'!U20/60))+('Lab Analysis'!S20/17))/(('Lab Analysis'!T20/44)+('Lab Analysis'!U20/60)),"0") -> 0 | N21: =IFERROR((('Lab Analysis'!V20/18)-('Lab Analysis'!U20/60))/(('Lab Analysis'!T20/44)+('Lab Analysis'!U20/60)),"0") -> 0 | O21: =IFERROR(((2*('Lab Analysis'!Y20/60)+('Lab Analysis'!W20/17))/(('Lab Analysis'!X20/44)+('Lab Analysis'!Y20/60))),"0") -> 0 | P21: =IFERROR((('Lab Analysis'!Z20/18)-('Lab Analysis'!Y20/60))/(('Lab Analysis'!X20/44)+('Lab Analysis'!Y20/60)),"0") -> 0
A22: 45836 | B22: =IFERROR(('Lab Analysis'!E22/('Lab Analysis'!E22+(1.364*'Lab Analysis'!D22))),"0") -> 0 | C22: =IFERROR((2*'Lab Analysis'!E22/60)/('Lab Analysis'!C22/17+(2*'Lab Analysis'!E22/60)),"0") -> 0 | D22: =IFERROR(((2*('Lab Analysis'!E22/60)+('Lab Analysis'!C22/17))/(('Lab Analysis'!D22/44)+('Lab Analysis'!E22/60))),"0") -> 0 | E22: =IFERROR((('Lab Analysis'!F22/18)-('Lab Analysis'!E22/60))/(('Lab Analysis'!D22/44)+('Lab Analysis'!E22/60)),"0") -> 0 | F22: =IFERROR((('Lab Analysis'!F22/18)/('Lab Analysis'!E22/60)),"0") -> 0 | G22: =IFERROR(('Lab Analysis'!I22/('Lab Analysis'!I22+(1.765*'Lab Analysis'!G22))),"0") -> 0 | H22: =IFERROR(((2*('Lab Analysis'!I22/60))+('Lab Analysis'!G22/17))/(('Lab Analysis'!H22/44)+('Lab Analysis'!I22/60)),"0") -> 0 | I22: =IFERROR((('Lab Analysis'!J22/18)-('Lab Analysis'!I22/60))/(('Lab Analysis'!H22/44)+('Lab Analysis'!I22/60)),"0") -> 0 | J22: =IFERROR(('Lab Analysis'!M22/('Lab Analysis'!M22+(1.765*'Lab Analysis'!K22))),"0") -> 0 | K22: =IFERROR(((2*('Lab Analysis'!M22/60))+('Lab Analysis'!K22/17))/(('Lab Analysis'!L22/44)+('Lab Analysis'!M22/60)),"0") -> 0 | L22: =IFERROR((('Lab Analysis'!N22/18)-('Lab Analysis'!M22/60))/(('Lab Analysis'!L22/44)+('Lab Analysis'!M22/60)),"0") -> 0 | M22: =IFERROR(((2*('Lab Analysis'!U22/60))+('Lab Analysis'!S22/17))/(('Lab Analysis'!T22/44)+('Lab Analysis'!U22/60)),"0") -> 0 | N22: =IFERROR((('Lab Analysis'!V22/18)-('Lab Analysis'!U22/60))/(('Lab Analysis'!T22/44)+('Lab Analysis'!U22/60)),"0") -> 0 | O22: =IFERROR(((2*('Lab Analysis'!Y22/60)+('Lab Analysis'!W22/17))/(('Lab Analysis'!X22/44)+('Lab Analysis'!Y22/60))),"0") -> 0 | P22: =IFERROR((('Lab Analysis'!Z22/18)-('Lab Analysis'!Y22/60))/(('Lab Analysis'!X22/44)+('Lab Analysis'!Y22/60)),"0") -> 0
A23: 45837 | B23: =IFERROR(('Lab Analysis'!E23/('Lab Analysis'!E23+(1.364*'Lab Analysis'!D23))),"0") -> 0 | C23: =IFERROR((2*'Lab Analysis'!E23/60)/('Lab Analysis'!C23/17+(2*'Lab Analysis'!E23/60)),"0") -> 0 | D23: =IFERROR(((2*('Lab Analysis'!E23/60)+('Lab Analysis'!C23/17))/(('Lab Analysis'!D23/44)+('Lab Analysis'!E23/60))),"0") -> 0 | E23: =IFERROR((('Lab Analysis'!F23/18)-('Lab Analysis'!E23/60))/(('Lab Analysis'!D23/44)+('Lab Analysis'!E23/60)),"0") -> 0 | F23: =IFERROR((('Lab Analysis'!F23/18)/('Lab Analysis'!E23/60)),"0") -> 0 | G23: =IFERROR(('Lab Analysis'!I23/('Lab Analysis'!I23+(1.765*'Lab Analysis'!G23))),"0") -> 0 | H23: =IFERROR(((2*('Lab Analysis'!I23/60))+('Lab Analysis'!G23/17))/(('Lab Analysis'!H23/44)+('Lab Analysis'!I23/60)),"0") -> 0 | I23: =IFERROR((('Lab Analysis'!J23/18)-('Lab Analysis'!I23/60))/(('Lab Analysis'!H23/44)+('Lab Analysis'!I23/60)),"0") -> 0 | J23: =IFERROR(('Lab Analysis'!M23/('Lab Analysis'!M23+(1.765*'Lab Analysis'!K23))),"0") -> 0 | K23: =IFERROR(((2*('Lab Analysis'!M23/60))+('Lab Analysis'!K23/17))/(('Lab Analysis'!L23/44)+('Lab Analysis'!M23/60)),"0") -> 0 | L23: =IFERROR((('Lab Analysis'!N23/18)-('Lab Analysis'!M23/60))/(('Lab Analysis'!L23/44)+('Lab Analysis'!M23/60)),"0") -> 0 | M23: =IFERROR(((2*('Lab Analysis'!U23/60))+('Lab Analysis'!S23/17))/(('Lab Analysis'!T23/44)+('Lab Analysis'!U23/60)),"0") -> 0 | N23: =IFERROR((('Lab Analysis'!V23/18)-('Lab Analysis'!U23/60))/(('Lab Analysis'!T23/44)+('Lab Analysis'!U23/60)),"0") -> 0 | O23: =IFERROR(((2*('Lab Analysis'!Y23/60)+('Lab Analysis'!W23/17))/(('Lab Analysis'!X23/44)+('Lab Analysis'!Y23/60))),"0") -> 0 | P23: =IFERROR((('Lab Analysis'!Z23/18)-('Lab Analysis'!Y23/60))/(('Lab Analysis'!X23/44)+('Lab Analysis'!Y23/60)),"0") -> 0
A24: 45838 | B24: =IFERROR(('Lab Analysis'!E24/('Lab Analysis'!E24+(1.364*'Lab Analysis'!D24))),"0") -> 0.54045373 | C24: =IFERROR((2*'Lab Analysis'!E24/60)/('Lab Analysis'!C24/17+(2*'Lab Analysis'!E24/60)),"0") -> 0.3608837 | D24: =IFERROR(((2*('Lab Analysis'!E24/60)+('Lab Analysis'!C24/17))/(('Lab Analysis'!D24/44)+('Lab Analysis'!E24/60))),"0") -> 2.9955354 | E24: =IFERROR((('Lab Analysis'!F24/18)-('Lab Analysis'!E24/60))/(('Lab Analysis'!D24/44)+('Lab Analysis'!E24/60)),"0") -> 0.54599033 | F24: =IFERROR((('Lab Analysis'!F24/18)/('Lab Analysis'!E24/60)),"0") -> 2.0101206 | G24: =IFERROR(('Lab Analysis'!I24/('Lab Analysis'!I24+(1.765*'Lab Analysis'!G24))),"0") -> 0.73540998 | H24: =IFERROR(((2*('Lab Analysis'!I24/60))+('Lab Analysis'!G24/17))/(('Lab Analysis'!H24/44)+('Lab Analysis'!I24/60)),"0") -> 2.1121514 | I24: =IFERROR((('Lab Analysis'!J24/18)-('Lab Analysis'!I24/60))/(('Lab Analysis'!H24/44)+('Lab Analysis'!I24/60)),"0") -> 0.74485242 | J24: =IFERROR(('Lab Analysis'!M24/('Lab Analysis'!M24+(1.765*'Lab Analysis'!K24))),"0") -> 0.59991587 | K24: =IFERROR(((2*('Lab Analysis'!M24/60))+('Lab Analysis'!K24/17))/(('Lab Analysis'!L24/44)+('Lab Analysis'!M24/60)),"0") -> 2.3845231 | L24: =IFERROR((('Lab Analysis'!N24/18)-('Lab Analysis'!M24/60))/(('Lab Analysis'!L24/44)+('Lab Analysis'!M24/60)),"0") -> 0.62808765 | M24: =IFERROR(((2*('Lab Analysis'!U24/60))+('Lab Analysis'!S24/17))/(('Lab Analysis'!T24/44)+('Lab Analysis'!U24/60)),"0") -> 2.3714641 | N24: =IFERROR((('Lab Analysis'!V24/18)-('Lab Analysis'!U24/60))/(('Lab Analysis'!T24/44)+('Lab Analysis'!U24/60)),"0") -> 1.4638386 | O24: =IFERROR(((2*('Lab Analysis'!Y24/60)+('Lab Analysis'!W24/17))/(('Lab Analysis'!X24/44)+('Lab Analysis'!Y24/60))),"0") -> 2.5622919 | P24: =IFERROR((('Lab Analysis'!Z24/18)-('Lab Analysis'!Y24/60))/(('Lab Analysis'!X24/44)+('Lab Analysis'!Y24/60)),"0") -> 2.3421122
A25: 45839 | B25: =IFERROR(('Lab Analysis'!E25/('Lab Analysis'!E25+(1.364*'Lab Analysis'!D25))),"0") -> 0.54482552 | C25: =IFERROR((2*'Lab Analysis'!E25/60)/('Lab Analysis'!C25/17+(2*'Lab Analysis'!E25/60)),"0") -> 0.37096097 | D25: =IFERROR(((2*('Lab Analysis'!E25/60)+('Lab Analysis'!C25/17))/(('Lab Analysis'!D25/44)+('Lab Analysis'!E25/60))),"0") -> 2.9377303 | E25: =IFERROR((('Lab Analysis'!F25/18)-('Lab Analysis'!E25/60))/(('Lab Analysis'!D25/44)+('Lab Analysis'!E25/60)),"0") -> 0.60252441 | F25: =IFERROR((('Lab Analysis'!F25/18)/('Lab Analysis'!E25/60)),"0") -> 2.1057692 | G25: =IFERROR(('Lab Analysis'!I25/('Lab Analysis'!I25+(1.765*'Lab Analysis'!G25))),"0") -> 0 | H25: =IFERROR(((2*('Lab Analysis'!I25/60))+('Lab Analysis'!G25/17))/(('Lab Analysis'!H25/44)+('Lab Analysis'!I25/60)),"0") -> 0 | I25: =IFERROR((('Lab Analysis'!J25/18)-('Lab Analysis'!I25/60))/(('Lab Analysis'!H25/44)+('Lab Analysis'!I25/60)),"0") -> 0 | J25: =IFERROR(('Lab Analysis'!M25/('Lab Analysis'!M25+(1.765*'Lab Analysis'!K25))),"0") -> 0 | K25: =IFERROR(((2*('Lab Analysis'!M25/60))+('Lab Analysis'!K25/17))/(('Lab Analysis'!L25/44)+('Lab Analysis'!M25/60)),"0") -> 0 | L25: =IFERROR((('Lab Analysis'!N25/18)-('Lab Analysis'!M25/60))/(('Lab Analysis'!L25/44)+('Lab Analysis'!M25/60)),"0") -> 0 | M25: =IFERROR(((2*('Lab Analysis'!U25/60))+('Lab Analysis'!S25/17))/(('Lab Analysis'!T25/44)+('Lab Analysis'!U25/60)),"0") -> 0 | N25: =IFERROR((('Lab Analysis'!V25/18)-('Lab Analysis'!U25/60))/(('Lab Analysis'!T25/44)+('Lab Analysis'!U25/60)),"0") -> 0 | O25: =IFERROR(((2*('Lab Analysis'!Y25/60)+('Lab Analysis'!W25/17))/(('Lab Analysis'!X25/44)+('Lab Analysis'!Y25/60))),"0") -> 0 | P25: =IFERROR((('Lab Analysis'!Z25/18)-('Lab Analysis'!Y25/60))/(('Lab Analysis'!X25/44)+('Lab Analysis'!Y25/60)),"0") -> 0
A26: 45840 | B26: =IFERROR(('Lab Analysis'!E26/('Lab Analysis'!E26+(1.364*'Lab Analysis'!D26))),"0") -> 0.53854982 | C26: =IFERROR((2*'Lab Analysis'!E26/60)/('Lab Analysis'!C26/17+(2*'Lab Analysis'!E26/60)),"0") -> 0.37321937 | D26: =IFERROR(((2*('Lab Analysis'!E26/60)+('Lab Analysis'!C26/17))/(('Lab Analysis'!D26/44)+('Lab Analysis'!E26/60))),"0") -> 2.8863243 | E26: =IFERROR((('Lab Analysis'!F26/18)-('Lab Analysis'!E26/60))/(('Lab Analysis'!D26/44)+('Lab Analysis'!E26/60)),"0") -> 0.54010082 | F26: =IFERROR((('Lab Analysis'!F26/18)/('Lab Analysis'!E26/60)),"0") -> 2.0027566 | G26: =IFERROR(('Lab Analysis'!I26/('Lab Analysis'!I26+(1.765*'Lab Analysis'!G26))),"0") -> 0 | H26: =IFERROR(((2*('Lab Analysis'!I26/60))+('Lab Analysis'!G26/17))/(('Lab Analysis'!H26/44)+('Lab Analysis'!I26/60)),"0") -> 0 | I26: =IFERROR((('Lab Analysis'!J26/18)-('Lab Analysis'!I26/60))/(('Lab Analysis'!H26/44)+('Lab Analysis'!I26/60)),"0") -> 0 | J26: =IFERROR(('Lab Analysis'!M26/('Lab Analysis'!M26+(1.765*'Lab Analysis'!K26))),"0") -> 0 | K26: =IFERROR(((2*('Lab Analysis'!M26/60))+('Lab Analysis'!K26/17))/(('Lab Analysis'!L26/44)+('Lab Analysis'!M26/60)),"0") -> 0 | L26: =IFERROR((('Lab Analysis'!N26/18)-('Lab Analysis'!M26/60))/(('Lab Analysis'!L26/44)+('Lab Analysis'!M26/60)),"0") -> 0 | M26: =IFERROR(((2*('Lab Analysis'!U26/60))+('Lab Analysis'!S26/17))/(('Lab Analysis'!T26/44)+('Lab Analysis'!U26/60)),"0") -> 0 | N26: =IFERROR((('Lab Analysis'!V26/18)-('Lab Analysis'!U26/60))/(('Lab Analysis'!T26/44)+('Lab Analysis'!U26/60)),"0") -> 0 | O26: =IFERROR(((2*('Lab Analysis'!Y26/60)+('Lab Analysis'!W26/17))/(('Lab Analysis'!X26/44)+('Lab Analysis'!Y26/60))),"0") -> 0 | P26: =IFERROR((('Lab Analysis'!Z26/18)-('Lab Analysis'!Y26/60))/(('Lab Analysis'!X26/44)+('Lab Analysis'!Y26/60)),"0") -> 0
A27: 45841 | B27: =IFERROR(('Lab Analysis'!E27/('Lab Analysis'!E27+(1.364*'Lab Analysis'!D27))),"0") -> 0.54157327 | C27: =IFERROR((2*'Lab Analysis'!E27/60)/('Lab Analysis'!C27/17+(2*'Lab Analysis'!E27/60)),"0") -> 0.36755252 | D27: =IFERROR(((2*('Lab Analysis'!E27/60)+('Lab Analysis'!C27/17))/(('Lab Analysis'!D27/44)+('Lab Analysis'!E27/60))),"0") -> 2.9472766 | E27: =IFERROR((('Lab Analysis'!F27/18)-('Lab Analysis'!E27/60))/(('Lab Analysis'!D27/44)+('Lab Analysis'!E27/60)),"0") -> 0.471085 | F27: =IFERROR((('Lab Analysis'!F27/18)/('Lab Analysis'!E27/60)),"0") -> 1.8697391 | G27: =IFERROR(('Lab Analysis'!I27/('Lab Analysis'!I27+(1.765*'Lab Analysis'!G27))),"0") -> 0.74098571 | H27: =IFERROR(((2*('Lab Analysis'!I27/60))+('Lab Analysis'!G27/17))/(('Lab Analysis'!H27/44)+('Lab Analysis'!I27/60)),"0") -> 2.1039279 | I27: =IFERROR((('Lab Analysis'!J27/18)-('Lab Analysis'!I27/60))/(('Lab Analysis'!H27/44)+('Lab Analysis'!I27/60)),"0") -> 0.74566531 | J27: =IFERROR(('Lab Analysis'!M27/('Lab Analysis'!M27+(1.765*'Lab Analysis'!K27))),"0") -> 0.60061144 | K27: =IFERROR(((2*('Lab Analysis'!M27/60))+('Lab Analysis'!K27/17))/(('Lab Analysis'!L27/44)+('Lab Analysis'!M27/60)),"0") -> 2.3883988 | L27: =IFERROR((('Lab Analysis'!N27/18)-('Lab Analysis'!M27/60))/(('Lab Analysis'!L27/44)+('Lab Analysis'!M27/60)),"0") -> 0.62380876 | M27: =IFERROR(((2*('Lab Analysis'!U27/60))+('Lab Analysis'!S27/17))/(('Lab Analysis'!T27/44)+('Lab Analysis'!U27/60)),"0") -> 2.3961777 | N27: =IFERROR((('Lab Analysis'!V27/18)-('Lab Analysis'!U27/60))/(('Lab Analysis'!T27/44)+('Lab Analysis'!U27/60)),"0") -> 1.4204618 | O27: =IFERROR(((2*('Lab Analysis'!Y27/60)+('Lab Analysis'!W27/17))/(('Lab Analysis'!X27/44)+('Lab Analysis'!Y27/60))),"0") -> 2.5616464 | P27: =IFERROR((('Lab Analysis'!Z27/18)-('Lab Analysis'!Y27/60))/(('Lab Analysis'!X27/44)+('Lab Analysis'!Y27/60)),"0") -> 2.3109937
A28: 45842 | B28: =IFERROR(('Lab Analysis'!E28/('Lab Analysis'!E28+(1.364*'Lab Analysis'!D28))),"0") -> 0.55346618 | C28: =IFERROR((2*'Lab Analysis'!E28/60)/('Lab Analysis'!C28/17+(2*'Lab Analysis'!E28/60)),"0") -> 0.36228078 | D28: =IFERROR(((2*('Lab Analysis'!E28/60)+('Lab Analysis'!C28/17))/(('Lab Analysis'!D28/44)+('Lab Analysis'!E28/60))),"0") -> 3.0558181 | E28: =IFERROR((('Lab Analysis'!F28/18)-('Lab Analysis'!E28/60))/(('Lab Analysis'!D28/44)+('Lab Analysis'!E28/60)),"0") -> 0.44087494 | F28: =IFERROR((('Lab Analysis'!F28/18)/('Lab Analysis'!E28/60)),"0") -> 1.7964759 | G28: =IFERROR(('Lab Analysis'!I28/('Lab Analysis'!I28+(1.765*'Lab Analysis'!G28))),"0") -> 0 | H28: =IFERROR(((2*('Lab Analysis'!I28/60))+('Lab Analysis'!G28/17))/(('Lab Analysis'!H28/44)+('Lab Analysis'!I28/60)),"0") -> 0 | I28: =IFERROR((('Lab Analysis'!J28/18)-('Lab Analysis'!I28/60))/(('Lab Analysis'!H28/44)+('Lab Analysis'!I28/60)),"0") -> 0 | J28: =IFERROR(('Lab Analysis'!M28/('Lab Analysis'!M28+(1.765*'Lab Analysis'!K28))),"0") -> 0 | K28: =IFERROR(((2*('Lab Analysis'!M28/60))+('Lab Analysis'!K28/17))/(('Lab Analysis'!L28/44)+('Lab Analysis'!M28/60)),"0") -> 0 | L28: =IFERROR((('Lab Analysis'!N28/18)-('Lab Analysis'!M28/60))/(('Lab Analysis'!L28/44)+('Lab Analysis'!M28/60)),"0") -> 0 | M28: =IFERROR(((2*('Lab Analysis'!U28/60))+('Lab Analysis'!S28/17))/(('Lab Analysis'!T28/44)+('Lab Analysis'!U28/60)),"0") -> 0 | N28: =IFERROR((('Lab Analysis'!V28/18)-('Lab Analysis'!U28/60))/(('Lab Analysis'!T28/44)+('Lab Analysis'!U28/60)),"0") -> 0 | O28: =IFERROR(((2*('Lab Analysis'!Y28/60)+('Lab Analysis'!W28/17))/(('Lab Analysis'!X28/44)+('Lab Analysis'!Y28/60))),"0") -> 0 | P28: =IFERROR((('Lab Analysis'!Z28/18)-('Lab Analysis'!Y28/60))/(('Lab Analysis'!X28/44)+('Lab Analysis'!Y28/60)),"0") -> 0
A29: 45843 | B29: =IFERROR(('Lab Analysis'!E29/('Lab Analysis'!E29+(1.364*'Lab Analysis'!D29))),"0") -> 0 | C29: =IFERROR((2*'Lab Analysis'!E29/60)/('Lab Analysis'!C29/17+(2*'Lab Analysis'!E29/60)),"0") -> 0 | D29: =IFERROR(((2*('Lab Analysis'!E29/60)+('Lab Analysis'!C29/17))/(('Lab Analysis'!D29/44)+('Lab Analysis'!E29/60))),"0") -> 0 | E29: =IFERROR((('Lab Analysis'!F29/18)-('Lab Analysis'!E29/60))/(('Lab Analysis'!D29/44)+('Lab Analysis'!E29/60)),"0") -> 0 | F29: =IFERROR((('Lab Analysis'!F29/18)/('Lab Analysis'!E29/60)),"0") -> 0 | G29: =IFERROR(('Lab Analysis'!I29/('Lab Analysis'!I29+(1.765*'Lab Analysis'!G29))),"0") -> 0 | H29: =IFERROR(((2*('Lab Analysis'!I29/60))+('Lab Analysis'!G29/17))/(('Lab Analysis'!H29/44)+('Lab Analysis'!I29/60)),"0") -> 0 | I29: =IFERROR((('Lab Analysis'!J29/18)-('Lab Analysis'!I29/60))/(('Lab Analysis'!H29/44)+('Lab Analysis'!I29/60)),"0") -> 0 | J29: =IFERROR(('Lab Analysis'!M29/('Lab Analysis'!M29+(1.765*'Lab Analysis'!K29))),"0") -> 0 | K29: =IFERROR(((2*('Lab Analysis'!M29/60))+('Lab Analysis'!K29/17))/(('Lab Analysis'!L29/44)+('Lab Analysis'!M29/60)),"0") -> 0 | L29: =IFERROR((('Lab Analysis'!N29/18)-('Lab Analysis'!M29/60))/(('Lab Analysis'!L29/44)+('Lab Analysis'!M29/60)),"0") -> 0 | M29: =IFERROR(((2*('Lab Analysis'!U29/60))+('Lab Analysis'!S29/17))/(('Lab Analysis'!T29/44)+('Lab Analysis'!U29/60)),"0") -> 0 | N29: =IFERROR((('Lab Analysis'!V29/18)-('Lab Analysis'!U29/60))/(('Lab Analysis'!T29/44)+('Lab Analysis'!U29/60)),"0") -> 0 | O29: =IFERROR(((2*('Lab Analysis'!Y29/60)+('Lab Analysis'!W29/17))/(('Lab Analysis'!X29/44)+('Lab Analysis'!Y29/60))),"0") -> 0 | P29: =IFERROR((('Lab Analysis'!Z29/18)-('Lab Analysis'!Y29/60))/(('Lab Analysis'!X29/44)+('Lab Analysis'!Y29/60)),"0") -> 0
A30: 45844 | B30: =IFERROR(('Lab Analysis'!E30/('Lab Analysis'!E30+(1.364*'Lab Analysis'!D30))),"0") -> 0 | C30: =IFERROR((2*'Lab Analysis'!E30/60)/('Lab Analysis'!C30/17+(2*'Lab Analysis'!E30/60)),"0") -> 0 | D30: =IFERROR(((2*('Lab Analysis'!E30/60)+('Lab Analysis'!C30/17))/(('Lab Analysis'!D30/44)+('Lab Analysis'!E30/60))),"0") -> 0 | E30: =IFERROR((('Lab Analysis'!F30/18)-('Lab Analysis'!E30/60))/(('Lab Analysis'!D30/44)+('Lab Analysis'!E30/60)),"0") -> 0 | F30: =IFERROR((('Lab Analysis'!F30/18)/('Lab Analysis'!E30/60)),"0") -> 0 | G30: =IFERROR(('Lab Analysis'!I30/('Lab Analysis'!I30+(1.765*'Lab Analysis'!G30))),"0") -> 0 | H30: =IFERROR(((2*('Lab Analysis'!I30/60))+('Lab Analysis'!G30/17))/(('Lab Analysis'!H30/44)+('Lab Analysis'!I30/60)),"0") -> 0 | I30: =IFERROR((('Lab Analysis'!J30/18)-('Lab Analysis'!I30/60))/(('Lab Analysis'!H30/44)+('Lab Analysis'!I30/60)),"0") -> 0 | J30: =IFERROR(('Lab Analysis'!M30/('Lab Analysis'!M30+(1.765*'Lab Analysis'!K30))),"0") -> 0 | K30: =IFERROR(((2*('Lab Analysis'!M30/60))+('Lab Analysis'!K30/17))/(('Lab Analysis'!L30/44)+('Lab Analysis'!M30/60)),"0") -> 0 | L30: =IFERROR((('Lab Analysis'!N30/18)-('Lab Analysis'!M30/60))/(('Lab Analysis'!L30/44)+('Lab Analysis'!M30/60)),"0") -> 0 | M30: =IFERROR(((2*('Lab Analysis'!U30/60))+('Lab Analysis'!S30/17))/(('Lab Analysis'!T30/44)+('Lab Analysis'!U30/60)),"0") -> 0 | N30: =IFERROR((('Lab Analysis'!V30/18)-('Lab Analysis'!U30/60))/(('Lab Analysis'!T30/44)+('Lab Analysis'!U30/60)),"0") -> 0 | O30: =IFERROR(((2*('Lab Analysis'!Y30/60)+('Lab Analysis'!W30/17))/(('Lab Analysis'!X30/44)+('Lab Analysis'!Y30/60))),"0") -> 0 | P30: =IFERROR((('Lab Analysis'!Z30/18)-('Lab Analysis'!Y30/60))/(('Lab Analysis'!X30/44)+('Lab Analysis'!Y30/60)),"0") -> 0
A31: 45845 | B31: =IFERROR(('Lab Analysis'!E31/('Lab Analysis'!E31+(1.364*'Lab Analysis'!D31))),"0") -> 0 | C31: =IFERROR((2*'Lab Analysis'!E31/60)/('Lab Analysis'!C31/17+(2*'Lab Analysis'!E31/60)),"0") -> 0 | D31: =IFERROR(((2*('Lab Analysis'!E31/60)+('Lab Analysis'!C31/17))/(('Lab Analysis'!D31/44)+('Lab Analysis'!E31/60))),"0") -> 0 | E31: =IFERROR((('Lab Analysis'!F31/18)-('Lab Analysis'!E31/60))/(('Lab Analysis'!D31/44)+('Lab Analysis'!E31/60)),"0") -> 0 | F31: =IFERROR((('Lab Analysis'!F31/18)/('Lab Analysis'!E31/60)),"0") -> 0 | G31: =IFERROR(('Lab Analysis'!I31/('Lab Analysis'!I31+(1.765*'Lab Analysis'!G31))),"0") -> 0 | H31: =IFERROR(((2*('Lab Analysis'!I31/60))+('Lab Analysis'!G31/17))/(('Lab Analysis'!H31/44)+('Lab Analysis'!I31/60)),"0") -> 0 | I31: =IFERROR((('Lab Analysis'!J31/18)-('Lab Analysis'!I31/60))/(('Lab Analysis'!H31/44)+('Lab Analysis'!I31/60)),"0") -> 0 | J31: =IFERROR(('Lab Analysis'!M31/('Lab Analysis'!M31+(1.765*'Lab Analysis'!K31))),"0") -> 0 | K31: =IFERROR(((2*('Lab Analysis'!M31/60))+('Lab Analysis'!K31/17))/(('Lab Analysis'!L31/44)+('Lab Analysis'!M31/60)),"0") -> 0 | L31: =IFERROR((('Lab Analysis'!N31/18)-('Lab Analysis'!M31/60))/(('Lab Analysis'!L31/44)+('Lab Analysis'!M31/60)),"0") -> 0 | M31: =IFERROR(((2*('Lab Analysis'!U31/60))+('Lab Analysis'!S31/17))/(('Lab Analysis'!T31/44)+('Lab Analysis'!U31/60)),"0") -> 0 | N31: =IFERROR((('Lab Analysis'!V31/18)-('Lab Analysis'!U31/60))/(('Lab Analysis'!T31/44)+('Lab Analysis'!U31/60)),"0") -> 0 | O31: =IFERROR(((2*('Lab Analysis'!Y31/60)+('Lab Analysis'!W31/17))/(('Lab Analysis'!X31/44)+('Lab Analysis'!Y31/60))),"0") -> 0 | P31: =IFERROR((('Lab Analysis'!Z31/18)-('Lab Analysis'!Y31/60))/(('Lab Analysis'!X31/44)+('Lab Analysis'!Y31/60)),"0") -> 0
A32: 45846 | B32: =IFERROR(('Lab Analysis'!E32/('Lab Analysis'!E32+(1.364*'Lab Analysis'!D32))),"0") -> 0.53771377 | C32: =IFERROR((2*'Lab Analysis'!E32/60)/('Lab Analysis'!C32/17+(2*'Lab Analysis'!E32/60)),"0") -> 0.36923014 | D32: =IFERROR(((2*('Lab Analysis'!E32/60)+('Lab Analysis'!C32/17))/(('Lab Analysis'!D32/44)+('Lab Analysis'!E32/60))),"0") -> 2.9129802 | E32: =IFERROR((('Lab Analysis'!F32/18)-('Lab Analysis'!E32/60))/(('Lab Analysis'!D32/44)+('Lab Analysis'!E32/60)),"0") -> 0.47360473 | F32: =IFERROR((('Lab Analysis'!F32/18)/('Lab Analysis'!E32/60)),"0") -> 1.8806662 | G32: =IFERROR(('Lab Analysis'!I32/('Lab Analysis'!I32+(1.765*'Lab Analysis'!G32))),"0") -> 0.7263504 | H32: =IFERROR(((2*('Lab Analysis'!I32/60))+('Lab Analysis'!G32/17))/(('Lab Analysis'!H32/44)+('Lab Analysis'!I32/60)),"0") -> 2.1195814 | I32: =IFERROR((('Lab Analysis'!J32/18)-('Lab Analysis'!I32/60))/(('Lab Analysis'!H32/44)+('Lab Analysis'!I32/60)),"0") -> 0.7064362 | J32: =IFERROR(('Lab Analysis'!M32/('Lab Analysis'!M32+(1.765*'Lab Analysis'!K32))),"0") -> 0 | K32: =IFERROR(((2*('Lab Analysis'!M32/60))+('Lab Analysis'!K32/17))/(('Lab Analysis'!L32/44)+('Lab Analysis'!M32/60)),"0") -> 0 | L32: =IFERROR((('Lab Analysis'!N32/18)-('Lab Analysis'!M32/60))/(('Lab Analysis'!L32/44)+('Lab Analysis'!M32/60)),"0") -> 0 | M32: =IFERROR(((2*('Lab Analysis'!U32/60))+('Lab Analysis'!S32/17))/(('Lab Analysis'!T32/44)+('Lab Analysis'!U32/60)),"0") -> 2.3123007 | N32: =IFERROR((('Lab Analysis'!V32/18)-('Lab Analysis'!U32/60))/(('Lab Analysis'!T32/44)+('Lab Analysis'!U32/60)),"0") -> 1.3057938 | O32: =IFERROR(((2*('Lab Analysis'!Y32/60)+('Lab Analysis'!W32/17))/(('Lab Analysis'!X32/44)+('Lab Analysis'!Y32/60))),"0") -> 2.5264184 | P32: =IFERROR((('Lab Analysis'!Z32/18)-('Lab Analysis'!Y32/60))/(('Lab Analysis'!X32/44)+('Lab Analysis'!Y32/60)),"0") -> 2.3183857 | Q32: Before STAMICARBON Adjustment
A33: 45847 | B33: =IFERROR(('Lab Analysis'!E33/('Lab Analysis'!E33+(1.364*'Lab Analysis'!D33))),"0") -> 0.54169958 | C33: =IFERROR((2*'Lab Analysis'!E33/60)/('Lab Analysis'!C33/17+(2*'Lab Analysis'!E33/60)),"0") -> 0.37539208 | D33: =IFERROR(((2*('Lab Analysis'!E33/60)+('Lab Analysis'!C33/17))/(('Lab Analysis'!D33/44)+('Lab Analysis'!E33/60))),"0") -> 2.8863996 | E33: =IFERROR((('Lab Analysis'!F33/18)-('Lab Analysis'!E33/60))/(('Lab Analysis'!D33/44)+('Lab Analysis'!E33/60)),"0") -> 0.52990895 | F33: =IFERROR((('Lab Analysis'!F33/18)/('Lab Analysis'!E33/60)),"0") -> 1.9781145 | G33: =IFERROR(('Lab Analysis'!I33/('Lab Analysis'!I33+(1.765*'Lab Analysis'!G33))),"0") -> 0.71747452 | H33: =IFERROR(((2*('Lab Analysis'!I33/60))+('Lab Analysis'!G33/17))/(('Lab Analysis'!H33/44)+('Lab Analysis'!I33/60)),"0") -> 2.1353986 | I33: =IFERROR((('Lab Analysis'!J33/18)-('Lab Analysis'!I33/60))/(('Lab Analysis'!H33/44)+('Lab Analysis'!I33/60)),"0") -> 0.73222194 | J33: =IFERROR(('Lab Analysis'!M33/('Lab Analysis'!M33+(1.765*'Lab Analysis'!K33))),"0") -> 0 | K33: =IFERROR(((2*('Lab Analysis'!M33/60))+('Lab Analysis'!K33/17))/(('Lab Analysis'!L33/44)+('Lab Analysis'!M33/60)),"0") -> 0 | L33: =IFERROR((('Lab Analysis'!N33/18)-('Lab Analysis'!M33/60))/(('Lab Analysis'!L33/44)+('Lab Analysis'!M33/60)),"0") -> 0 | M33: =IFERROR(((2*('Lab Analysis'!U33/60))+('Lab Analysis'!S33/17))/(('Lab Analysis'!T33/44)+('Lab Analysis'!U33/60)),"0") -> 2.381827 | N33: =IFERROR((('Lab Analysis'!V33/18)-('Lab Analysis'!U33/60))/(('Lab Analysis'!T33/44)+('Lab Analysis'!U33/60)),"0") -> 1.2827865 | O33: =IFERROR(((2*('Lab Analysis'!Y33/60)+('Lab Analysis'!W33/17))/(('Lab Analysis'!X33/44)+('Lab Analysis'!Y33/60))),"0") -> 2.51545 | P33: =IFERROR((('Lab Analysis'!Z33/18)-('Lab Analysis'!Y33/60))/(('Lab Analysis'!X33/44)+('Lab Analysis'!Y33/60)),"0") -> 2.0770099 | Q33: After STAMICARBON Adjustment
A34: 45848 | B34: =IFERROR(('Lab Analysis'!E34/('Lab Analysis'!E34+(1.364*'Lab Analysis'!D34))),"0") -> 0.54349559 | C34: =IFERROR((2*'Lab Analysis'!E34/60)/('Lab Analysis'!C34/17+(2*'Lab Analysis'!E34/60)),"0") -> 0.37970554 | D34: =IFERROR(((2*('Lab Analysis'!E34/60)+('Lab Analysis'!C34/17))/(('Lab Analysis'!D34/44)+('Lab Analysis'!E34/60))),"0") -> 2.8630699 | E34: =IFERROR((('Lab Analysis'!F34/18)-('Lab Analysis'!E34/60))/(('Lab Analysis'!D34/44)+('Lab Analysis'!E34/60)),"0") -> 0.50657783 | F34: =IFERROR((('Lab Analysis'!F34/18)/('Lab Analysis'!E34/60)),"0") -> 1.93196 | G34: =IFERROR(('Lab Analysis'!I34/('Lab Analysis'!I34+(1.765*'Lab Analysis'!G34))),"0") -> 0 | H34: =IFERROR(((2*('Lab Analysis'!I34/60))+('Lab Analysis'!G34/17))/(('Lab Analysis'!H34/44)+('Lab Analysis'!I34/60)),"0") -> 0 | I34: =IFERROR((('Lab Analysis'!J34/18)-('Lab Analysis'!I34/60))/(('Lab Analysis'!H34/44)+('Lab Analysis'!I34/60)),"0") -> 0 | J34: =IFERROR(('Lab Analysis'!M34/('Lab Analysis'!M34+(1.765*'Lab Analysis'!K34))),"0") -> 0 | K34: =IFERROR(((2*('Lab Analysis'!M34/60))+('Lab Analysis'!K34/17))/(('Lab Analysis'!L34/44)+('Lab Analysis'!M34/60)),"0") -> 0 | L34: =IFERROR((('Lab Analysis'!N34/18)-('Lab Analysis'!M34/60))/(('Lab Analysis'!L34/44)+('Lab Analysis'!M34/60)),"0") -> 0 | M34: =IFERROR(((2*('Lab Analysis'!U34/60))+('Lab Analysis'!S34/17))/(('Lab Analysis'!T34/44)+('Lab Analysis'!U34/60)),"0") -> 0 | N34: =IFERROR((('Lab Analysis'!V34/18)-('Lab Analysis'!U34/60))/(('Lab Analysis'!T34/44)+('Lab Analysis'!U34/60)),"0") -> 0 | O34: =IFERROR(((2*('Lab Analysis'!Y34/60)+('Lab Analysis'!W34/17))/(('Lab Analysis'!X34/44)+('Lab Analysis'!Y34/60))),"0") -> 0 | P34: =IFERROR((('Lab Analysis'!Z34/18)-('Lab Analysis'!Y34/60))/(('Lab Analysis'!X34/44)+('Lab Analysis'!Y34/60)),"0") -> 0
A35: 45849 | B35: =IFERROR(('Lab Analysis'!E35/('Lab Analysis'!E35+(1.364*'Lab Analysis'!D35))),"0") -> 0 | C35: =IFERROR((2*'Lab Analysis'!E35/60)/('Lab Analysis'!C35/17+(2*'Lab Analysis'!E35/60)),"0") -> 0 | D35: =IFERROR(((2*('Lab Analysis'!E35/60)+('Lab Analysis'!C35/17))/(('Lab Analysis'!D35/44)+('Lab Analysis'!E35/60))),"0") -> 0 | E35: =IFERROR((('Lab Analysis'!F35/18)-('Lab Analysis'!E35/60))/(('Lab Analysis'!D35/44)+('Lab Analysis'!E35/60)),"0") -> 0 | F35: =IFERROR((('Lab Analysis'!F35/18)/('Lab Analysis'!E35/60)),"0") -> 0 | G35: =IFERROR(('Lab Analysis'!I35/('Lab Analysis'!I35+(1.765*'Lab Analysis'!G35))),"0") -> 0 | H35: =IFERROR(((2*('Lab Analysis'!I35/60))+('Lab Analysis'!G35/17))/(('Lab Analysis'!H35/44)+('Lab Analysis'!I35/60)),"0") -> 0 | I35: =IFERROR((('Lab Analysis'!J35/18)-('Lab Analysis'!I35/60))/(('Lab Analysis'!H35/44)+('Lab Analysis'!I35/60)),"0") -> 0 | J35: =IFERROR(('Lab Analysis'!M35/('Lab Analysis'!M35+(1.765*'Lab Analysis'!K35))),"0") -> 0 | K35: =IFERROR(((2*('Lab Analysis'!M35/60))+('Lab Analysis'!K35/17))/(('Lab Analysis'!L35/44)+('Lab Analysis'!M35/60)),"0") -> 0 | L35: =IFERROR((('Lab Analysis'!N35/18)-('Lab Analysis'!M35/60))/(('Lab Analysis'!L35/44)+('Lab Analysis'!M35/60)),"0") -> 0 | M35: =IFERROR(((2*('Lab Analysis'!U35/60))+('Lab Analysis'!S35/17))/(('Lab Analysis'!T35/44)+('Lab Analysis'!U35/60)),"0") -> 0 | N35: =IFERROR((('Lab Analysis'!V35/18)-('Lab Analysis'!U35/60))/(('Lab Analysis'!T35/44)+('Lab Analysis'!U35/60)),"0") -> 0 | O35: =IFERROR(((2*('Lab Analysis'!Y35/60)+('Lab Analysis'!W35/17))/(('Lab Analysis'!X35/44)+('Lab Analysis'!Y35/60))),"0") -> 0 | P35: =IFERROR((('Lab Analysis'!Z35/18)-('Lab Analysis'!Y35/60))/(('Lab Analysis'!X35/44)+('Lab Analysis'!Y35/60)),"0") -> 0
A36: 45850 | B36: =IFERROR(('Lab Analysis'!E36/('Lab Analysis'!E36+(1.364*'Lab Analysis'!D36))),"0") -> 0 | C36: =IFERROR((2*'Lab Analysis'!E36/60)/('Lab Analysis'!C36/17+(2*'Lab Analysis'!E36/60)),"0") -> 0 | D36: =IFERROR(((2*('Lab Analysis'!E36/60)+('Lab Analysis'!C36/17))/(('Lab Analysis'!D36/44)+('Lab Analysis'!E36/60))),"0") -> 0 | E36: =IFERROR((('Lab Analysis'!F36/18)-('Lab Analysis'!E36/60))/(('Lab Analysis'!D36/44)+('Lab Analysis'!E36/60)),"0") -> 0 | F36: =IFERROR((('Lab Analysis'!F36/18)/('Lab Analysis'!E36/60)),"0") -> 0 | G36: =IFERROR(('Lab Analysis'!I36/('Lab Analysis'!I36+(1.765*'Lab Analysis'!G36))),"0") -> 0 | H36: =IFERROR(((2*('Lab Analysis'!I36/60))+('Lab Analysis'!G36/17))/(('Lab Analysis'!H36/44)+('Lab Analysis'!I36/60)),"0") -> 0 | I36: =IFERROR((('Lab Analysis'!J36/18)-('Lab Analysis'!I36/60))/(('Lab Analysis'!H36/44)+('Lab Analysis'!I36/60)),"0") -> 0 | J36: =IFERROR(('Lab Analysis'!M36/('Lab Analysis'!M36+(1.765*'Lab Analysis'!K36))),"0") -> 0 | K36: =IFERROR(((2*('Lab Analysis'!M36/60))+('Lab Analysis'!K36/17))/(('Lab Analysis'!L36/44)+('Lab Analysis'!M36/60)),"0") -> 0 | L36: =IFERROR((('Lab Analysis'!N36/18)-('Lab Analysis'!M36/60))/(('Lab Analysis'!L36/44)+('Lab Analysis'!M36/60)),"0") -> 0 | M36: =IFERROR(((2*('Lab Analysis'!U36/60))+('Lab Analysis'!S36/17))/(('Lab Analysis'!T36/44)+('Lab Analysis'!U36/60)),"0") -> 0 | N36: =IFERROR((('Lab Analysis'!V36/18)-('Lab Analysis'!U36/60))/(('Lab Analysis'!T36/44)+('Lab Analysis'!U36/60)),"0") -> 0 | O36: =IFERROR(((2*('Lab Analysis'!Y36/60)+('Lab Analysis'!W36/17))/(('Lab Analysis'!X36/44)+('Lab Analysis'!Y36/60))),"0") -> 0 | P36: =IFERROR((('Lab Analysis'!Z36/18)-('Lab Analysis'!Y36/60))/(('Lab Analysis'!X36/44)+('Lab Analysis'!Y36/60)),"0") -> 0
A37: 45851 | B37: =IFERROR(('Lab Analysis'!E37/('Lab Analysis'!E37+(1.364*'Lab Analysis'!D37))),"0") -> 0 | C37: =IFERROR((2*'Lab Analysis'!E37/60)/('Lab Analysis'!C37/17+(2*'Lab Analysis'!E37/60)),"0") -> 0 | D37: =IFERROR(((2*('Lab Analysis'!E37/60)+('Lab Analysis'!C37/17))/(('Lab Analysis'!D37/44)+('Lab Analysis'!E37/60))),"0") -> 0 | E37: =IFERROR((('Lab Analysis'!F37/18)-('Lab Analysis'!E37/60))/(('Lab Analysis'!D37/44)+('Lab Analysis'!E37/60)),"0") -> 0 | F37: =IFERROR((('Lab Analysis'!F37/18)/('Lab Analysis'!E37/60)),"0") -> 0 | G37: =IFERROR(('Lab Analysis'!I37/('Lab Analysis'!I37+(1.765*'Lab Analysis'!G37))),"0") -> 0 | H37: =IFERROR(((2*('Lab Analysis'!I37/60))+('Lab Analysis'!G37/17))/(('Lab Analysis'!H37/44)+('Lab Analysis'!I37/60)),"0") -> 0 | I37: =IFERROR((('Lab Analysis'!J37/18)-('Lab Analysis'!I37/60))/(('Lab Analysis'!H37/44)+('Lab Analysis'!I37/60)),"0") -> 0 | J37: =IFERROR(('Lab Analysis'!M37/('Lab Analysis'!M37+(1.765*'Lab Analysis'!K37))),"0") -> 0 | K37: =IFERROR(((2*('Lab Analysis'!M37/60))+('Lab Analysis'!K37/17))/(('Lab Analysis'!L37/44)+('Lab Analysis'!M37/60)),"0") -> 0 | L37: =IFERROR((('Lab Analysis'!N37/18)-('Lab Analysis'!M37/60))/(('Lab Analysis'!L37/44)+('Lab Analysis'!M37/60)),"0") -> 0 | M37: =IFERROR(((2*('Lab Analysis'!U37/60))+('Lab Analysis'!S37/17))/(('Lab Analysis'!T37/44)+('Lab Analysis'!U37/60)),"0") -> 0 | N37: =IFERROR((('Lab Analysis'!V37/18)-('Lab Analysis'!U37/60))/(('Lab Analysis'!T37/44)+('Lab Analysis'!U37/60)),"0") -> 0 | O37: =IFERROR(((2*('Lab Analysis'!Y37/60)+('Lab Analysis'!W37/17))/(('Lab Analysis'!X37/44)+('Lab Analysis'!Y37/60))),"0") -> 0 | P37: =IFERROR((('Lab Analysis'!Z37/18)-('Lab Analysis'!Y37/60))/(('Lab Analysis'!X37/44)+('Lab Analysis'!Y37/60)),"0") -> 0
A38: 45852 | B38: =IFERROR(('Lab Analysis'!E38/('Lab Analysis'!E38+(1.364*'Lab Analysis'!D38))),"0") -> 0 | C38: =IFERROR((2*'Lab Analysis'!E38/60)/('Lab Analysis'!C38/17+(2*'Lab Analysis'!E38/60)),"0") -> 0 | D38: =IFERROR(((2*('Lab Analysis'!E38/60)+('Lab Analysis'!C38/17))/(('Lab Analysis'!D38/44)+('Lab Analysis'!E38/60))),"0") -> 0 | E38: =IFERROR((('Lab Analysis'!F38/18)-('Lab Analysis'!E38/60))/(('Lab Analysis'!D38/44)+('Lab Analysis'!E38/60)),"0") -> 0 | F38: =IFERROR((('Lab Analysis'!F38/18)/('Lab Analysis'!E38/60)),"0") -> 0 | G38: =IFERROR(('Lab Analysis'!I38/('Lab Analysis'!I38+(1.765*'Lab Analysis'!G38))),"0") -> 0 | H38: =IFERROR(((2*('Lab Analysis'!I38/60))+('Lab Analysis'!G38/17))/(('Lab Analysis'!H38/44)+('Lab Analysis'!I38/60)),"0") -> 0 | I38: =IFERROR((('Lab Analysis'!J38/18)-('Lab Analysis'!I38/60))/(('Lab Analysis'!H38/44)+('Lab Analysis'!I38/60)),"0") -> 0 | J38: =IFERROR(('Lab Analysis'!M38/('Lab Analysis'!M38+(1.765*'Lab Analysis'!K38))),"0") -> 0 | K38: =IFERROR(((2*('Lab Analysis'!M38/60))+('Lab Analysis'!K38/17))/(('Lab Analysis'!L38/44)+('Lab Analysis'!M38/60)),"0") -> 0 | L38: =IFERROR((('Lab Analysis'!N38/18)-('Lab Analysis'!M38/60))/(('Lab Analysis'!L38/44)+('Lab Analysis'!M38/60)),"0") -> 0 | M38: =IFERROR(((2*('Lab Analysis'!U38/60))+('Lab Analysis'!S38/17))/(('Lab Analysis'!T38/44)+('Lab Analysis'!U38/60)),"0") -> 0 | N38: =IFERROR((('Lab Analysis'!V38/18)-('Lab Analysis'!U38/60))/(('Lab Analysis'!T38/44)+('Lab Analysis'!U38/60)),"0") -> 0 | O38: =IFERROR(((2*('Lab Analysis'!Y38/60)+('Lab Analysis'!W38/17))/(('Lab Analysis'!X38/44)+('Lab Analysis'!Y38/60))),"0") -> 0 | P38: =IFERROR((('Lab Analysis'!Z38/18)-('Lab Analysis'!Y38/60))/(('Lab Analysis'!X38/44)+('Lab Analysis'!Y38/60)),"0") -> 0
A39: 45853 | B39: =IFERROR(('Lab Analysis'!E39/('Lab Analysis'!E39+(1.364*'Lab Analysis'!D39))),"0") -> 0 | C39: =IFERROR((2*'Lab Analysis'!E39/60)/('Lab Analysis'!C39/17+(2*'Lab Analysis'!E39/60)),"0") -> 0 | D39: =IFERROR(((2*('Lab Analysis'!E39/60)+('Lab Analysis'!C39/17))/(('Lab Analysis'!D39/44)+('Lab Analysis'!E39/60))),"0") -> 0 | E39: =IFERROR((('Lab Analysis'!F39/18)-('Lab Analysis'!E39/60))/(('Lab Analysis'!D39/44)+('Lab Analysis'!E39/60)),"0") -> 0 | F39: =IFERROR((('Lab Analysis'!F39/18)/('Lab Analysis'!E39/60)),"0") -> 0 | G39: =IFERROR(('Lab Analysis'!I39/('Lab Analysis'!I39+(1.765*'Lab Analysis'!G39))),"0") -> 0 | H39: =IFERROR(((2*('Lab Analysis'!I39/60))+('Lab Analysis'!G39/17))/(('Lab Analysis'!H39/44)+('Lab Analysis'!I39/60)),"0") -> 0 | I39: =IFERROR((('Lab Analysis'!J39/18)-('Lab Analysis'!I39/60))/(('Lab Analysis'!H39/44)+('Lab Analysis'!I39/60)),"0") -> 0 | J39: =IFERROR(('Lab Analysis'!M39/('Lab Analysis'!M39+(1.765*'Lab Analysis'!K39))),"0") -> 0 | K39: =IFERROR(((2*('Lab Analysis'!M39/60))+('Lab Analysis'!K39/17))/(('Lab Analysis'!L39/44)+('Lab Analysis'!M39/60)),"0") -> 0 | L39: =IFERROR((('Lab Analysis'!N39/18)-('Lab Analysis'!M39/60))/(('Lab Analysis'!L39/44)+('Lab Analysis'!M39/60)),"0") -> 0 | M39: =IFERROR(((2*('Lab Analysis'!U39/60))+('Lab Analysis'!S39/17))/(('Lab Analysis'!T39/44)+('Lab Analysis'!U39/60)),"0") -> 0 | N39: =IFERROR((('Lab Analysis'!V39/18)-('Lab Analysis'!U39/60))/(('Lab Analysis'!T39/44)+('Lab Analysis'!U39/60)),"0") -> 0 | O39: =IFERROR(((2*('Lab Analysis'!Y39/60)+('Lab Analysis'!W39/17))/(('Lab Analysis'!X39/44)+('Lab Analysis'!Y39/60))),"0") -> 0 | P39: =IFERROR((('Lab Analysis'!Z39/18)-('Lab Analysis'!Y39/60))/(('Lab Analysis'!X39/44)+('Lab Analysis'!Y39/60)),"0") -> 0
A40: 45854 | B40: =IFERROR(('Lab Analysis'!E40/('Lab Analysis'!E40+(1.364*'Lab Analysis'!D40))),"0") -> 0 | C40: =IFERROR((2*'Lab Analysis'!E40/60)/('Lab Analysis'!C40/17+(2*'Lab Analysis'!E40/60)),"0") -> 0 | D40: =IFERROR(((2*('Lab Analysis'!E40/60)+('Lab Analysis'!C40/17))/(('Lab Analysis'!D40/44)+('Lab Analysis'!E40/60))),"0") -> 0 | E40: =IFERROR((('Lab Analysis'!F40/18)-('Lab Analysis'!E40/60))/(('Lab Analysis'!D40/44)+('Lab Analysis'!E40/60)),"0") -> 0 | F40: =IFERROR((('Lab Analysis'!F40/18)/('Lab Analysis'!E40/60)),"0") -> 0 | G40: =IFERROR(('Lab Analysis'!I40/('Lab Analysis'!I40+(1.765*'Lab Analysis'!G40))),"0") -> 0 | H40: =IFERROR(((2*('Lab Analysis'!I40/60))+('Lab Analysis'!G40/17))/(('Lab Analysis'!H40/44)+('Lab Analysis'!I40/60)),"0") -> 0 | I40: =IFERROR((('Lab Analysis'!J40/18)-('Lab Analysis'!I40/60))/(('Lab Analysis'!H40/44)+('Lab Analysis'!I40/60)),"0") -> 0 | J40: =IFERROR(('Lab Analysis'!M40/('Lab Analysis'!M40+(1.765*'Lab Analysis'!K40))),"0") -> 0 | K40: =IFERROR(((2*('Lab Analysis'!M40/60))+('Lab Analysis'!K40/17))/(('Lab Analysis'!L40/44)+('Lab Analysis'!M40/60)),"0") -> 0 | L40: =IFERROR((('Lab Analysis'!N40/18)-('Lab Analysis'!M40/60))/(('Lab Analysis'!L40/44)+('Lab Analysis'!M40/60)),"0") -> 0 | M40: =IFERROR(((2*('Lab Analysis'!U40/60))+('Lab Analysis'!S40/17))/(('Lab Analysis'!T40/44)+('Lab Analysis'!U40/60)),"0") -> 0 | N40: =IFERROR((('Lab Analysis'!V40/18)-('Lab Analysis'!U40/60))/(('Lab Analysis'!T40/44)+('Lab Analysis'!U40/60)),"0") -> 0 | O40: =IFERROR(((2*('Lab Analysis'!Y40/60)+('Lab Analysis'!W40/17))/(('Lab Analysis'!X40/44)+('Lab Analysis'!Y40/60))),"0") -> 0 | P40: =IFERROR((('Lab Analysis'!Z40/18)-('Lab Analysis'!Y40/60))/(('Lab Analysis'!X40/44)+('Lab Analysis'!Y40/60)),"0") -> 0
A41: 45855 | B41: =IFERROR(('Lab Analysis'!E41/('Lab Analysis'!E41+(1.364*'Lab Analysis'!D41))),"0") -> 0.56027709 | C41: =IFERROR((2*'Lab Analysis'!E41/60)/('Lab Analysis'!C41/17+(2*'Lab Analysis'!E41/60)),"0") -> 0.37343461 | D41: =IFERROR(((2*('Lab Analysis'!E41/60)+('Lab Analysis'!C41/17))/(('Lab Analysis'!D41/44)+('Lab Analysis'!E41/60))),"0") -> 3.0010222 | E41: =IFERROR((('Lab Analysis'!F41/18)-('Lab Analysis'!E41/60))/(('Lab Analysis'!D41/44)+('Lab Analysis'!E41/60)),"0") -> 0.53997725 | F41: =IFERROR((('Lab Analysis'!F41/18)/('Lab Analysis'!E41/60)),"0") -> 1.9636552 | G41: =IFERROR(('Lab Analysis'!I41/('Lab Analysis'!I41+(1.765*'Lab Analysis'!G41))),"0") -> 0.73360904 | H41: =IFERROR(((2*('Lab Analysis'!I41/60))+('Lab Analysis'!G41/17))/(('Lab Analysis'!H41/44)+('Lab Analysis'!I41/60)),"0") -> 2.1056514 | I41: =IFERROR((('Lab Analysis'!J41/18)-('Lab Analysis'!I41/60))/(('Lab Analysis'!H41/44)+('Lab Analysis'!I41/60)),"0") -> 0.69465966 | J41: =IFERROR(('Lab Analysis'!M41/('Lab Analysis'!M41+(1.765*'Lab Analysis'!K41))),"0") -> 0.60120094 | K41: =IFERROR(((2*('Lab Analysis'!M41/60))+('Lab Analysis'!K41/17))/(('Lab Analysis'!L41/44)+('Lab Analysis'!M41/60)),"0") -> 2.3975161 | L41: =IFERROR((('Lab Analysis'!N41/18)-('Lab Analysis'!M41/60))/(('Lab Analysis'!L41/44)+('Lab Analysis'!M41/60)),"0") -> 0.59939776 | M41: =IFERROR(((2*('Lab Analysis'!U41/60))+('Lab Analysis'!S41/17))/(('Lab Analysis'!T41/44)+('Lab Analysis'!U41/60)),"0") -> 2.3247059 | N41: =IFERROR((('Lab Analysis'!V41/18)-('Lab Analysis'!U41/60))/(('Lab Analysis'!T41/44)+('Lab Analysis'!U41/60)),"0") -> 1.2859259 | O41: =IFERROR(((2*('Lab Analysis'!Y41/60)+('Lab Analysis'!W41/17))/(('Lab Analysis'!X41/44)+('Lab Analysis'!Y41/60))),"0") -> 2.4763563 | P41: =IFERROR((('Lab Analysis'!Z41/18)-('Lab Analysis'!Y41/60))/(('Lab Analysis'!X41/44)+('Lab Analysis'!Y41/60)),"0") -> 2.3082874 | Q41: SM Injected in HPD. Booter ejector in service.
A42: 45856 | B42: =IFERROR(('Lab Analysis'!E42/('Lab Analysis'!E42+(1.364*'Lab Analysis'!D42))),"0") -> 0.55244231 | C42: =IFERROR((2*'Lab Analysis'!E42/60)/('Lab Analysis'!C42/17+(2*'Lab Analysis'!E42/60)),"0") -> 0.37357978 | D42: =IFERROR(((2*('Lab Analysis'!E42/60)+('Lab Analysis'!C42/17))/(('Lab Analysis'!D42/44)+('Lab Analysis'!E42/60))),"0") -> 2.9579129 | E42: =IFERROR((('Lab Analysis'!F42/18)-('Lab Analysis'!E42/60))/(('Lab Analysis'!D42/44)+('Lab Analysis'!E42/60)),"0") -> 0.56806858 | F42: =IFERROR((('Lab Analysis'!F42/18)/('Lab Analysis'!E42/60)),"0") -> 2.0281631 | G42: =IFERROR(('Lab Analysis'!I42/('Lab Analysis'!I42+(1.765*'Lab Analysis'!G42))),"0") -> 0 | H42: =IFERROR(((2*('Lab Analysis'!I42/60))+('Lab Analysis'!G42/17))/(('Lab Analysis'!H42/44)+('Lab Analysis'!I42/60)),"0") -> 0 | I42: =IFERROR((('Lab Analysis'!J42/18)-('Lab Analysis'!I42/60))/(('Lab Analysis'!H42/44)+('Lab Analysis'!I42/60)),"0") -> 0 | J42: =IFERROR(('Lab Analysis'!M42/('Lab Analysis'!M42+(1.765*'Lab Analysis'!K42))),"0") -> 0 | K42: =IFERROR(((2*('Lab Analysis'!M42/60))+('Lab Analysis'!K42/17))/(('Lab Analysis'!L42/44)+('Lab Analysis'!M42/60)),"0") -> 0 | L42: =IFERROR((('Lab Analysis'!N42/18)-('Lab Analysis'!M42/60))/(('Lab Analysis'!L42/44)+('Lab Analysis'!M42/60)),"0") -> 0 | M42: =IFERROR(((2*('Lab Analysis'!U42/60))+('Lab Analysis'!S42/17))/(('Lab Analysis'!T42/44)+('Lab Analysis'!U42/60)),"0") -> 2.3621969 | N42: =IFERROR((('Lab Analysis'!V42/18)-('Lab Analysis'!U42/60))/(('Lab Analysis'!T42/44)+('Lab Analysis'!U42/60)),"0") -> 1.372203 | O42: =IFERROR(((2*('Lab Analysis'!Y42/60)+('Lab Analysis'!W42/17))/(('Lab Analysis'!X42/44)+('Lab Analysis'!Y42/60))),"0") -> 2.5597762 | P42: =IFERROR((('Lab Analysis'!Z42/18)-('Lab Analysis'!Y42/60))/(('Lab Analysis'!X42/44)+('Lab Analysis'!Y42/60)),"0") -> 2.4023114
A43: 45857 | B43: =IFERROR(('Lab Analysis'!E43/('Lab Analysis'!E43+(1.364*'Lab Analysis'!D43))),"0") -> 0 | C43: =IFERROR((2*'Lab Analysis'!E43/60)/('Lab Analysis'!C43/17+(2*'Lab Analysis'!E43/60)),"0") -> 0 | D43: =IFERROR(((2*('Lab Analysis'!E43/60)+('Lab Analysis'!C43/17))/(('Lab Analysis'!D43/44)+('Lab Analysis'!E43/60))),"0") -> 0 | E43: =IFERROR((('Lab Analysis'!F43/18)-('Lab Analysis'!E43/60))/(('Lab Analysis'!D43/44)+('Lab Analysis'!E43/60)),"0") -> 0 | F43: =IFERROR((('Lab Analysis'!F43/18)/('Lab Analysis'!E43/60)),"0") -> 0 | G43: =IFERROR(('Lab Analysis'!I43/('Lab Analysis'!I43+(1.765*'Lab Analysis'!G43))),"0") -> 0 | H43: =IFERROR(((2*('Lab Analysis'!I43/60))+('Lab Analysis'!G43/17))/(('Lab Analysis'!H43/44)+('Lab Analysis'!I43/60)),"0") -> 0 | I43: =IFERROR((('Lab Analysis'!J43/18)-('Lab Analysis'!I43/60))/(('Lab Analysis'!H43/44)+('Lab Analysis'!I43/60)),"0") -> 0 | J43: =IFERROR(('Lab Analysis'!M43/('Lab Analysis'!M43+(1.765*'Lab Analysis'!K43))),"0") -> 0 | K43: =IFERROR(((2*('Lab Analysis'!M43/60))+('Lab Analysis'!K43/17))/(('Lab Analysis'!L43/44)+('Lab Analysis'!M43/60)),"0") -> 0 | L43: =IFERROR((('Lab Analysis'!N43/18)-('Lab Analysis'!M43/60))/(('Lab Analysis'!L43/44)+('Lab Analysis'!M43/60)),"0") -> 0 | M43: =IFERROR(((2*('Lab Analysis'!U43/60))+('Lab Analysis'!S43/17))/(('Lab Analysis'!T43/44)+('Lab Analysis'!U43/60)),"0") -> 0 | N43: =IFERROR((('Lab Analysis'!V43/18)-('Lab Analysis'!U43/60))/(('Lab Analysis'!T43/44)+('Lab Analysis'!U43/60)),"0") -> 0 | O43: =IFERROR(((2*('Lab Analysis'!Y43/60)+('Lab Analysis'!W43/17))/(('Lab Analysis'!X43/44)+('Lab Analysis'!Y43/60))),"0") -> 0 | P43: =IFERROR((('Lab Analysis'!Z43/18)-('Lab Analysis'!Y43/60))/(('Lab Analysis'!X43/44)+('Lab Analysis'!Y43/60)),"0") -> 0
A44: 45858 | B44: =IFERROR(('Lab Analysis'!E44/('Lab Analysis'!E44+(1.364*'Lab Analysis'!D44))),"0") -> 0 | C44: =IFERROR((2*'Lab Analysis'!E44/60)/('Lab Analysis'!C44/17+(2*'Lab Analysis'!E44/60)),"0") -> 0 | D44: =IFERROR(((2*('Lab Analysis'!E44/60)+('Lab Analysis'!C44/17))/(('Lab Analysis'!D44/44)+('Lab Analysis'!E44/60))),"0") -> 0 | E44: =IFERROR((('Lab Analysis'!F44/18)-('Lab Analysis'!E44/60))/(('Lab Analysis'!D44/44)+('Lab Analysis'!E44/60)),"0") -> 0 | F44: =IFERROR((('Lab Analysis'!F44/18)/('Lab Analysis'!E44/60)),"0") -> 0 | G44: =IFERROR(('Lab Analysis'!I44/('Lab Analysis'!I44+(1.765*'Lab Analysis'!G44))),"0") -> 0 | H44: =IFERROR(((2*('Lab Analysis'!I44/60))+('Lab Analysis'!G44/17))/(('Lab Analysis'!H44/44)+('Lab Analysis'!I44/60)),"0") -> 0 | I44: =IFERROR((('Lab Analysis'!J44/18)-('Lab Analysis'!I44/60))/(('Lab Analysis'!H44/44)+('Lab Analysis'!I44/60)),"0") -> 0 | J44: =IFERROR(('Lab Analysis'!M44/('Lab Analysis'!M44+(1.765*'Lab Analysis'!K44))),"0") -> 0 | K44: =IFERROR(((2*('Lab Analysis'!M44/60))+('Lab Analysis'!K44/17))/(('Lab Analysis'!L44/44)+('Lab Analysis'!M44/60)),"0") -> 0 | L44: =IFERROR((('Lab Analysis'!N44/18)-('Lab Analysis'!M44/60))/(('Lab Analysis'!L44/44)+('Lab Analysis'!M44/60)),"0") -> 0 | M44: =IFERROR(((2*('Lab Analysis'!U44/60))+('Lab Analysis'!S44/17))/(('Lab Analysis'!T44/44)+('Lab Analysis'!U44/60)),"0") -> 0 | N44: =IFERROR((('Lab Analysis'!V44/18)-('Lab Analysis'!U44/60))/(('Lab Analysis'!T44/44)+('Lab Analysis'!U44/60)),"0") -> 0 | O44: =IFERROR(((2*('Lab Analysis'!Y44/60)+('Lab Analysis'!W44/17))/(('Lab Analysis'!X44/44)+('Lab Analysis'!Y44/60))),"0") -> 0 | P44: =IFERROR((('Lab Analysis'!Z44/18)-('Lab Analysis'!Y44/60))/(('Lab Analysis'!X44/44)+('Lab Analysis'!Y44/60)),"0") -> 0
A45: 45859 | B45: =IFERROR(('Lab Analysis'!E45/('Lab Analysis'!E45+(1.364*'Lab Analysis'!D45))),"0") -> 0.5509167 | C45: =IFERROR((2*'Lab Analysis'!E45/60)/('Lab Analysis'!C45/17+(2*'Lab Analysis'!E45/60)),"0") -> 0.37526764 | D45: =IFERROR(((2*('Lab Analysis'!E45/60)+('Lab Analysis'!C45/17))/(('Lab Analysis'!D45/44)+('Lab Analysis'!E45/60))),"0") -> 2.9364784 | E45: =IFERROR((('Lab Analysis'!F45/18)-('Lab Analysis'!E45/60))/(('Lab Analysis'!D45/44)+('Lab Analysis'!E45/60)),"0") -> 0.52880084 | F45: =IFERROR((('Lab Analysis'!F45/18)/('Lab Analysis'!E45/60)),"0") -> 1.9597413 | G45: =IFERROR(('Lab Analysis'!I45/('Lab Analysis'!I45+(1.765*'Lab Analysis'!G45))),"0") -> 0.72573628 | H45: =IFERROR(((2*('Lab Analysis'!I45/60))+('Lab Analysis'!G45/17))/(('Lab Analysis'!H45/44)+('Lab Analysis'!I45/60)),"0") -> 2.1199267 | I45: =IFERROR((('Lab Analysis'!J45/18)-('Lab Analysis'!I45/60))/(('Lab Analysis'!H45/44)+('Lab Analysis'!I45/60)),"0") -> 0.69433423 | J45: =IFERROR(('Lab Analysis'!M45/('Lab Analysis'!M45+(1.765*'Lab Analysis'!K45))),"0") -> 0.61456499 | K45: =IFERROR(((2*('Lab Analysis'!M45/60))+('Lab Analysis'!K45/17))/(('Lab Analysis'!L45/44)+('Lab Analysis'!M45/60)),"0") -> 2.4091515 | L45: =IFERROR((('Lab Analysis'!N45/18)-('Lab Analysis'!M45/60))/(('Lab Analysis'!L45/44)+('Lab Analysis'!M45/60)),"0") -> 0.70993139 | M45: =IFERROR(((2*('Lab Analysis'!U45/60))+('Lab Analysis'!S45/17))/(('Lab Analysis'!T45/44)+('Lab Analysis'!U45/60)),"0") -> 2.4230565 | N45: =IFERROR((('Lab Analysis'!V45/18)-('Lab Analysis'!U45/60))/(('Lab Analysis'!T45/44)+('Lab Analysis'!U45/60)),"0") -> 1.4089336 | O45: =IFERROR(((2*('Lab Analysis'!Y45/60)+('Lab Analysis'!W45/17))/(('Lab Analysis'!X45/44)+('Lab Analysis'!Y45/60))),"0") -> 2.5106936 | P45: =IFERROR((('Lab Analysis'!Z45/18)-('Lab Analysis'!Y45/60))/(('Lab Analysis'!X45/44)+('Lab Analysis'!Y45/60)),"0") -> 2.2944218 | Q45: Shutdown due to rise in conductivities (2040 hrs), suspecting stripper tube leakage.
A46: 45860 | B46: =IFERROR(('Lab Analysis'!E46/('Lab Analysis'!E46+(1.364*'Lab Analysis'!D46))),"0") -> 0 | C46: =IFERROR((2*'Lab Analysis'!E46/60)/('Lab Analysis'!C46/17+(2*'Lab Analysis'!E46/60)),"0") -> 0 | D46: =IFERROR(((2*('Lab Analysis'!E46/60)+('Lab Analysis'!C46/17))/(('Lab Analysis'!D46/44)+('Lab Analysis'!E46/60))),"0") -> 0 | E46: =IFERROR((('Lab Analysis'!F46/18)-('Lab Analysis'!E46/60))/(('Lab Analysis'!D46/44)+('Lab Analysis'!E46/60)),"0") -> 0 | F46: =IFERROR((('Lab Analysis'!F46/18)/('Lab Analysis'!E46/60)),"0") -> 0 | G46: =IFERROR(('Lab Analysis'!I46/('Lab Analysis'!I46+(1.765*'Lab Analysis'!G46))),"0") -> 0 | H46: =IFERROR(((2*('Lab Analysis'!I46/60))+('Lab Analysis'!G46/17))/(('Lab Analysis'!H46/44)+('Lab Analysis'!I46/60)),"0") -> 0 | I46: =IFERROR((('Lab Analysis'!J46/18)-('Lab Analysis'!I46/60))/(('Lab Analysis'!H46/44)+('Lab Analysis'!I46/60)),"0") -> 0 | J46: =IFERROR(('Lab Analysis'!M46/('Lab Analysis'!M46+(1.765*'Lab Analysis'!K46))),"0") -> 0 | K46: =IFERROR(((2*('Lab Analysis'!M46/60))+('Lab Analysis'!K46/17))/(('Lab Analysis'!L46/44)+('Lab Analysis'!M46/60)),"0") -> 0 | L46: =IFERROR((('Lab Analysis'!N46/18)-('Lab Analysis'!M46/60))/(('Lab Analysis'!L46/44)+('Lab Analysis'!M46/60)),"0") -> 0 | M46: =IFERROR(((2*('Lab Analysis'!U46/60))+('Lab Analysis'!S46/17))/(('Lab Analysis'!T46/44)+('Lab Analysis'!U46/60)),"0") -> 0 | N46: =IFERROR((('Lab Analysis'!V46/18)-('Lab Analysis'!U46/60))/(('Lab Analysis'!T46/44)+('Lab Analysis'!U46/60)),"0") -> 0 | O46: =IFERROR(((2*('Lab Analysis'!Y46/60)+('Lab Analysis'!W46/17))/(('Lab Analysis'!X46/44)+('Lab Analysis'!Y46/60))),"0") -> 0 | P46: =IFERROR((('Lab Analysis'!Z46/18)-('Lab Analysis'!Y46/60))/(('Lab Analysis'!X46/44)+('Lab Analysis'!Y46/60)),"0") -> 0 | Q46: Shutdown due to stripper tube leakage.
A47: 45861 | B47: =IFERROR(('Lab Analysis'!E47/('Lab Analysis'!E47+(1.364*'Lab Analysis'!D47))),"0") -> 0 | C47: =IFERROR((2*'Lab Analysis'!E47/60)/('Lab Analysis'!C47/17+(2*'Lab Analysis'!E47/60)),"0") -> 0 | D47: =IFERROR(((2*('Lab Analysis'!E47/60)+('Lab Analysis'!C47/17))/(('Lab Analysis'!D47/44)+('Lab Analysis'!E47/60))),"0") -> 0 | E47: =IFERROR((('Lab Analysis'!F47/18)-('Lab Analysis'!E47/60))/(('Lab Analysis'!D47/44)+('Lab Analysis'!E47/60)),"0") -> 0 | F47: =IFERROR((('Lab Analysis'!F47/18)/('Lab Analysis'!E47/60)),"0") -> 0 | G47: =IFERROR(('Lab Analysis'!I47/('Lab Analysis'!I47+(1.765*'Lab Analysis'!G47))),"0") -> 0 | H47: =IFERROR(((2*('Lab Analysis'!I47/60))+('Lab Analysis'!G47/17))/(('Lab Analysis'!H47/44)+('Lab Analysis'!I47/60)),"0") -> 0 | I47: =IFERROR((('Lab Analysis'!J47/18)-('Lab Analysis'!I47/60))/(('Lab Analysis'!H47/44)+('Lab Analysis'!I47/60)),"0") -> 0 | J47: =IFERROR(('Lab Analysis'!M47/('Lab Analysis'!M47+(1.765*'Lab Analysis'!K47))),"0") -> 0 | K47: =IFERROR(((2*('Lab Analysis'!M47/60))+('Lab Analysis'!K47/17))/(('Lab Analysis'!L47/44)+('Lab Analysis'!M47/60)),"0") -> 0 | L47: =IFERROR((('Lab Analysis'!N47/18)-('Lab Analysis'!M47/60))/(('Lab Analysis'!L47/44)+('Lab Analysis'!M47/60)),"0") -> 0 | M47: =IFERROR(((2*('Lab Analysis'!U47/60))+('Lab Analysis'!S47/17))/(('Lab Analysis'!T47/44)+('Lab Analysis'!U47/60)),"0") -> 0 | N47: =IFERROR((('Lab Analysis'!V47/18)-('Lab Analysis'!U47/60))/(('Lab Analysis'!T47/44)+('Lab Analysis'!U47/60)),"0") -> 0 | O47: =IFERROR(((2*('Lab Analysis'!Y47/60)+('Lab Analysis'!W47/17))/(('Lab Analysis'!X47/44)+('Lab Analysis'!Y47/60))),"0") -> 0 | P47: =IFERROR((('Lab Analysis'!Z47/18)-('Lab Analysis'!Y47/60))/(('Lab Analysis'!X47/44)+('Lab Analysis'!Y47/60)),"0") -> 0
A48: 45862 | B48: =IFERROR(('Lab Analysis'!E48/('Lab Analysis'!E48+(1.364*'Lab Analysis'!D48))),"0") -> 0 | C48: =IFERROR((2*'Lab Analysis'!E48/60)/('Lab Analysis'!C48/17+(2*'Lab Analysis'!E48/60)),"0") -> 0 | D48: =IFERROR(((2*('Lab Analysis'!E48/60)+('Lab Analysis'!C48/17))/(('Lab Analysis'!D48/44)+('Lab Analysis'!E48/60))),"0") -> 0 | E48: =IFERROR((('Lab Analysis'!F48/18)-('Lab Analysis'!E48/60))/(('Lab Analysis'!D48/44)+('Lab Analysis'!E48/60)),"0") -> 0 | F48: =IFERROR((('Lab Analysis'!F48/18)/('Lab Analysis'!E48/60)),"0") -> 0 | G48: =IFERROR(('Lab Analysis'!I48/('Lab Analysis'!I48+(1.765*'Lab Analysis'!G48))),"0") -> 0 | H48: =IFERROR(((2*('Lab Analysis'!I48/60))+('Lab Analysis'!G48/17))/(('Lab Analysis'!H48/44)+('Lab Analysis'!I48/60)),"0") -> 0 | I48: =IFERROR((('Lab Analysis'!J48/18)-('Lab Analysis'!I48/60))/(('Lab Analysis'!H48/44)+('Lab Analysis'!I48/60)),"0") -> 0 | J48: =IFERROR(('Lab Analysis'!M48/('Lab Analysis'!M48+(1.765*'Lab Analysis'!K48))),"0") -> 0 | K48: =IFERROR(((2*('Lab Analysis'!M48/60))+('Lab Analysis'!K48/17))/(('Lab Analysis'!L48/44)+('Lab Analysis'!M48/60)),"0") -> 0 | L48: =IFERROR((('Lab Analysis'!N48/18)-('Lab Analysis'!M48/60))/(('Lab Analysis'!L48/44)+('Lab Analysis'!M48/60)),"0") -> 0 | M48: =IFERROR(((2*('Lab Analysis'!U48/60))+('Lab Analysis'!S48/17))/(('Lab Analysis'!T48/44)+('Lab Analysis'!U48/60)),"0") -> 0 | N48: =IFERROR((('Lab Analysis'!V48/18)-('Lab Analysis'!U48/60))/(('Lab Analysis'!T48/44)+('Lab Analysis'!U48/60)),"0") -> 0 | O48: =IFERROR(((2*('Lab Analysis'!Y48/60)+('Lab Analysis'!W48/17))/(('Lab Analysis'!X48/44)+('Lab Analysis'!Y48/60))),"0") -> 0 | P48: =IFERROR((('Lab Analysis'!Z48/18)-('Lab Analysis'!Y48/60))/(('Lab Analysis'!X48/44)+('Lab Analysis'!Y48/60)),"0") -> 0
A49: 45863 | B49: =IFERROR(('Lab Analysis'!E49/('Lab Analysis'!E49+(1.364*'Lab Analysis'!D49))),"0") -> 0 | C49: =IFERROR((2*'Lab Analysis'!E49/60)/('Lab Analysis'!C49/17+(2*'Lab Analysis'!E49/60)),"0") -> 0 | D49: =IFERROR(((2*('Lab Analysis'!E49/60)+('Lab Analysis'!C49/17))/(('Lab Analysis'!D49/44)+('Lab Analysis'!E49/60))),"0") -> 0 | E49: =IFERROR((('Lab Analysis'!F49/18)-('Lab Analysis'!E49/60))/(('Lab Analysis'!D49/44)+('Lab Analysis'!E49/60)),"0") -> 0 | F49: =IFERROR((('Lab Analysis'!F49/18)/('Lab Analysis'!E49/60)),"0") -> 0 | G49: =IFERROR(('Lab Analysis'!I49/('Lab Analysis'!I49+(1.765*'Lab Analysis'!G49))),"0") -> 0 | H49: =IFERROR(((2*('Lab Analysis'!I49/60))+('Lab Analysis'!G49/17))/(('Lab Analysis'!H49/44)+('Lab Analysis'!I49/60)),"0") -> 0 | I49: =IFERROR((('Lab Analysis'!J49/18)-('Lab Analysis'!I49/60))/(('Lab Analysis'!H49/44)+('Lab Analysis'!I49/60)),"0") -> 0 | J49: =IFERROR(('Lab Analysis'!M49/('Lab Analysis'!M49+(1.765*'Lab Analysis'!K49))),"0") -> 0 | K49: =IFERROR(((2*('Lab Analysis'!M49/60))+('Lab Analysis'!K49/17))/(('Lab Analysis'!L49/44)+('Lab Analysis'!M49/60)),"0") -> 0 | L49: =IFERROR((('Lab Analysis'!N49/18)-('Lab Analysis'!M49/60))/(('Lab Analysis'!L49/44)+('Lab Analysis'!M49/60)),"0") -> 0 | M49: =IFERROR(((2*('Lab Analysis'!U49/60))+('Lab Analysis'!S49/17))/(('Lab Analysis'!T49/44)+('Lab Analysis'!U49/60)),"0") -> 0 | N49: =IFERROR((('Lab Analysis'!V49/18)-('Lab Analysis'!U49/60))/(('Lab Analysis'!T49/44)+('Lab Analysis'!U49/60)),"0") -> 0 | O49: =IFERROR(((2*('Lab Analysis'!Y49/60)+('Lab Analysis'!W49/17))/(('Lab Analysis'!X49/44)+('Lab Analysis'!Y49/60))),"0") -> 0 | P49: =IFERROR((('Lab Analysis'!Z49/18)-('Lab Analysis'!Y49/60))/(('Lab Analysis'!X49/44)+('Lab Analysis'!Y49/60)),"0") -> 0
A50: 45864 | B50: =IFERROR(('Lab Analysis'!E50/('Lab Analysis'!E50+(1.364*'Lab Analysis'!D50))),"0") -> 0 | C50: =IFERROR((2*'Lab Analysis'!E50/60)/('Lab Analysis'!C50/17+(2*'Lab Analysis'!E50/60)),"0") -> 0 | D50: =IFERROR(((2*('Lab Analysis'!E50/60)+('Lab Analysis'!C50/17))/(('Lab Analysis'!D50/44)+('Lab Analysis'!E50/60))),"0") -> 0 | E50: =IFERROR((('Lab Analysis'!F50/18)-('Lab Analysis'!E50/60))/(('Lab Analysis'!D50/44)+('Lab Analysis'!E50/60)),"0") -> 0 | F50: =IFERROR((('Lab Analysis'!F50/18)/('Lab Analysis'!E50/60)),"0") -> 0 | G50: =IFERROR(('Lab Analysis'!I50/('Lab Analysis'!I50+(1.765*'Lab Analysis'!G50))),"0") -> 0 | H50: =IFERROR(((2*('Lab Analysis'!I50/60))+('Lab Analysis'!G50/17))/(('Lab Analysis'!H50/44)+('Lab Analysis'!I50/60)),"0") -> 0 | I50: =IFERROR((('Lab Analysis'!J50/18)-('Lab Analysis'!I50/60))/(('Lab Analysis'!H50/44)+('Lab Analysis'!I50/60)),"0") -> 0 | J50: =IFERROR(('Lab Analysis'!M50/('Lab Analysis'!M50+(1.765*'Lab Analysis'!K50))),"0") -> 0 | K50: =IFERROR(((2*('Lab Analysis'!M50/60))+('Lab Analysis'!K50/17))/(('Lab Analysis'!L50/44)+('Lab Analysis'!M50/60)),"0") -> 0 | L50: =IFERROR((('Lab Analysis'!N50/18)-('Lab Analysis'!M50/60))/(('Lab Analysis'!L50/44)+('Lab Analysis'!M50/60)),"0") -> 0 | M50: =IFERROR(((2*('Lab Analysis'!U50/60))+('Lab Analysis'!S50/17))/(('Lab Analysis'!T50/44)+('Lab Analysis'!U50/60)),"0") -> 0 | N50: =IFERROR((('Lab Analysis'!V50/18)-('Lab Analysis'!U50/60))/(('Lab Analysis'!T50/44)+('Lab Analysis'!U50/60)),"0") -> 0 | O50: =IFERROR(((2*('Lab Analysis'!Y50/60)+('Lab Analysis'!W50/17))/(('Lab Analysis'!X50/44)+('Lab Analysis'!Y50/60))),"0") -> 0 | P50: =IFERROR((('Lab Analysis'!Z50/18)-('Lab Analysis'!Y50/60))/(('Lab Analysis'!X50/44)+('Lab Analysis'!Y50/60)),"0") -> 0
A51: 45865 | B51: =IFERROR(('Lab Analysis'!E51/('Lab Analysis'!E51+(1.364*'Lab Analysis'!D51))),"0") -> 0 | C51: =IFERROR((2*'Lab Analysis'!E51/60)/('Lab Analysis'!C51/17+(2*'Lab Analysis'!E51/60)),"0") -> 0 | D51: =IFERROR(((2*('Lab Analysis'!E51/60)+('Lab Analysis'!C51/17))/(('Lab Analysis'!D51/44)+('Lab Analysis'!E51/60))),"0") -> 0 | E51: =IFERROR((('Lab Analysis'!F51/18)-('Lab Analysis'!E51/60))/(('Lab Analysis'!D51/44)+('Lab Analysis'!E51/60)),"0") -> 0 | F51: =IFERROR((('Lab Analysis'!F51/18)/('Lab Analysis'!E51/60)),"0") -> 0 | G51: =IFERROR(('Lab Analysis'!I51/('Lab Analysis'!I51+(1.765*'Lab Analysis'!G51))),"0") -> 0 | H51: =IFERROR(((2*('Lab Analysis'!I51/60))+('Lab Analysis'!G51/17))/(('Lab Analysis'!H51/44)+('Lab Analysis'!I51/60)),"0") -> 0 | I51: =IFERROR((('Lab Analysis'!J51/18)-('Lab Analysis'!I51/60))/(('Lab Analysis'!H51/44)+('Lab Analysis'!I51/60)),"0") -> 0 | J51: =IFERROR(('Lab Analysis'!M51/('Lab Analysis'!M51+(1.765*'Lab Analysis'!K51))),"0") -> 0 | K51: =IFERROR(((2*('Lab Analysis'!M51/60))+('Lab Analysis'!K51/17))/(('Lab Analysis'!L51/44)+('Lab Analysis'!M51/60)),"0") -> 0 | L51: =IFERROR((('Lab Analysis'!N51/18)-('Lab Analysis'!M51/60))/(('Lab Analysis'!L51/44)+('Lab Analysis'!M51/60)),"0") -> 0 | M51: =IFERROR(((2*('Lab Analysis'!U51/60))+('Lab Analysis'!S51/17))/(('Lab Analysis'!T51/44)+('Lab Analysis'!U51/60)),"0") -> 0 | N51: =IFERROR((('Lab Analysis'!V51/18)-('Lab Analysis'!U51/60))/(('Lab Analysis'!T51/44)+('Lab Analysis'!U51/60)),"0") -> 0 | O51: =IFERROR(((2*('Lab Analysis'!Y51/60)+('Lab Analysis'!W51/17))/(('Lab Analysis'!X51/44)+('Lab Analysis'!Y51/60))),"0") -> 0 | P51: =IFERROR((('Lab Analysis'!Z51/18)-('Lab Analysis'!Y51/60))/(('Lab Analysis'!X51/44)+('Lab Analysis'!Y51/60)),"0") -> 0
A52: 45866 | B52: =IFERROR(('Lab Analysis'!E52/('Lab Analysis'!E52+(1.364*'Lab Analysis'!D52))),"0") -> 0.55297765 | C52: =IFERROR((2*'Lab Analysis'!E52/60)/('Lab Analysis'!C52/17+(2*'Lab Analysis'!E52/60)),"0") -> 0.38011401 | D52: =IFERROR(((2*('Lab Analysis'!E52/60)+('Lab Analysis'!C52/17))/(('Lab Analysis'!D52/44)+('Lab Analysis'!E52/60))),"0") -> 2.9098826 | E52: =IFERROR((('Lab Analysis'!F52/18)-('Lab Analysis'!E52/60))/(('Lab Analysis'!D52/44)+('Lab Analysis'!E52/60)),"0") -> 0.58807486 | F52: =IFERROR((('Lab Analysis'!F52/18)/('Lab Analysis'!E52/60)),"0") -> 2.0633427 | G52: =IFERROR(('Lab Analysis'!I52/('Lab Analysis'!I52+(1.765*'Lab Analysis'!G52))),"0") -> 0.71782492 | H52: =IFERROR(((2*('Lab Analysis'!I52/60))+('Lab Analysis'!G52/17))/(('Lab Analysis'!H52/44)+('Lab Analysis'!I52/60)),"0") -> 2.131606 | I52: =IFERROR((('Lab Analysis'!J52/18)-('Lab Analysis'!I52/60))/(('Lab Analysis'!H52/44)+('Lab Analysis'!I52/60)),"0") -> 0.71543454 | J52: =IFERROR(('Lab Analysis'!M52/('Lab Analysis'!M52+(1.765*'Lab Analysis'!K52))),"0") -> 0 | K52: =IFERROR(((2*('Lab Analysis'!M52/60))+('Lab Analysis'!K52/17))/(('Lab Analysis'!L52/44)+('Lab Analysis'!M52/60)),"0") -> 0 | L52: =IFERROR((('Lab Analysis'!N52/18)-('Lab Analysis'!M52/60))/(('Lab Analysis'!L52/44)+('Lab Analysis'!M52/60)),"0") -> 0 | M52: =IFERROR(((2*('Lab Analysis'!U52/60))+('Lab Analysis'!S52/17))/(('Lab Analysis'!T52/44)+('Lab Analysis'!U52/60)),"0") -> 2.1956556 | N52: =IFERROR((('Lab Analysis'!V52/18)-('Lab Analysis'!U52/60))/(('Lab Analysis'!T52/44)+('Lab Analysis'!U52/60)),"0") -> 1.4716981 | O52: =IFERROR(((2*('Lab Analysis'!Y52/60)+('Lab Analysis'!W52/17))/(('Lab Analysis'!X52/44)+('Lab Analysis'!Y52/60))),"0") -> 2.3684106 | P52: =IFERROR((('Lab Analysis'!Z52/18)-('Lab Analysis'!Y52/60))/(('Lab Analysis'!X52/44)+('Lab Analysis'!Y52/60)),"0") -> 2.21614
A53: 45867 | B53: =IFERROR(('Lab Analysis'!E53/('Lab Analysis'!E53+(1.364*'Lab Analysis'!D53))),"0") -> 0.54866049 | C53: =IFERROR((2*'Lab Analysis'!E53/60)/('Lab Analysis'!C53/17+(2*'Lab Analysis'!E53/60)),"0") -> 0.37097341 | D53: =IFERROR(((2*('Lab Analysis'!E53/60)+('Lab Analysis'!C53/17))/(('Lab Analysis'!D53/44)+('Lab Analysis'!E53/60))),"0") -> 2.9583064 | E53: =IFERROR((('Lab Analysis'!F53/18)-('Lab Analysis'!E53/60))/(('Lab Analysis'!D53/44)+('Lab Analysis'!E53/60)),"0") -> 0.53706008 | F53: =IFERROR((('Lab Analysis'!F53/18)/('Lab Analysis'!E53/60)),"0") -> 1.9787391 | G53: =IFERROR(('Lab Analysis'!I53/('Lab Analysis'!I53+(1.765*'Lab Analysis'!G53))),"0") -> 0.75256351 | H53: =IFERROR(((2*('Lab Analysis'!I53/60))+('Lab Analysis'!G53/17))/(('Lab Analysis'!H53/44)+('Lab Analysis'!I53/60)),"0") -> 2.1173473 | I53: =IFERROR((('Lab Analysis'!J53/18)-('Lab Analysis'!I53/60))/(('Lab Analysis'!H53/44)+('Lab Analysis'!I53/60)),"0") -> 0.77462437 | J53: =IFERROR(('Lab Analysis'!M53/('Lab Analysis'!M53+(1.765*'Lab Analysis'!K53))),"0") -> 0 | K53: =IFERROR(((2*('Lab Analysis'!M53/60))+('Lab Analysis'!K53/17))/(('Lab Analysis'!L53/44)+('Lab Analysis'!M53/60)),"0") -> 0 | L53: =IFERROR((('Lab Analysis'!N53/18)-('Lab Analysis'!M53/60))/(('Lab Analysis'!L53/44)+('Lab Analysis'!M53/60)),"0") -> 0 | M53: =IFERROR(((2*('Lab Analysis'!U53/60))+('Lab Analysis'!S53/17))/(('Lab Analysis'!T53/44)+('Lab Analysis'!U53/60)),"0") -> 0 | N53: =IFERROR((('Lab Analysis'!V53/18)-('Lab Analysis'!U53/60))/(('Lab Analysis'!T53/44)+('Lab Analysis'!U53/60)),"0") -> 0 | O53: =IFERROR(((2*('Lab Analysis'!Y53/60)+('Lab Analysis'!W53/17))/(('Lab Analysis'!X53/44)+('Lab Analysis'!Y53/60))),"0") -> 0 | P53: =IFERROR((('Lab Analysis'!Z53/18)-('Lab Analysis'!Y53/60))/(('Lab Analysis'!X53/44)+('Lab Analysis'!Y53/60)),"0") -> 0
A54: 45868 | B54: =IFERROR(('Lab Analysis'!E54/('Lab Analysis'!E54+(1.364*'Lab Analysis'!D54))),"0") -> 0.54056794 | C54: =IFERROR((2*'Lab Analysis'!E54/60)/('Lab Analysis'!C54/17+(2*'Lab Analysis'!E54/60)),"0") -> 0.37538991 | D54: =IFERROR(((2*('Lab Analysis'!E54/60)+('Lab Analysis'!C54/17))/(('Lab Analysis'!D54/44)+('Lab Analysis'!E54/60))),"0") -> 2.8803873 | E54: =IFERROR((('Lab Analysis'!F54/18)-('Lab Analysis'!E54/60))/(('Lab Analysis'!D54/44)+('Lab Analysis'!E54/60)),"0") -> 0.43007914 | F54: =IFERROR((('Lab Analysis'!F54/18)/('Lab Analysis'!E54/60)),"0") -> 1.7955086 | G54: =IFERROR(('Lab Analysis'!I54/('Lab Analysis'!I54+(1.765*'Lab Analysis'!G54))),"0") -> 0.74147477 | H54: =IFERROR(((2*('Lab Analysis'!I54/60))+('Lab Analysis'!G54/17))/(('Lab Analysis'!H54/44)+('Lab Analysis'!I54/60)),"0") -> 2.1002435 | I54: =IFERROR((('Lab Analysis'!J54/18)-('Lab Analysis'!I54/60))/(('Lab Analysis'!H54/44)+('Lab Analysis'!I54/60)),"0") -> 0.71479866 | J54: =IFERROR(('Lab Analysis'!M54/('Lab Analysis'!M54+(1.765*'Lab Analysis'!K54))),"0") -> 0 | K54: =IFERROR(((2*('Lab Analysis'!M54/60))+('Lab Analysis'!K54/17))/(('Lab Analysis'!L54/44)+('Lab Analysis'!M54/60)),"0") -> 0 | L54: =IFERROR((('Lab Analysis'!N54/18)-('Lab Analysis'!M54/60))/(('Lab Analysis'!L54/44)+('Lab Analysis'!M54/60)),"0") -> 0 | M54: =IFERROR(((2*('Lab Analysis'!U54/60))+('Lab Analysis'!S54/17))/(('Lab Analysis'!T54/44)+('Lab Analysis'!U54/60)),"0") -> 0 | N54: =IFERROR((('Lab Analysis'!V54/18)-('Lab Analysis'!U54/60))/(('Lab Analysis'!T54/44)+('Lab Analysis'!U54/60)),"0") -> 0 | O54: =IFERROR(((2*('Lab Analysis'!Y54/60)+('Lab Analysis'!W54/17))/(('Lab Analysis'!X54/44)+('Lab Analysis'!Y54/60))),"0") -> 2.4362064 | P54: =IFERROR((('Lab Analysis'!Z54/18)-('Lab Analysis'!Y54/60))/(('Lab Analysis'!X54/44)+('Lab Analysis'!Y54/60)),"0") -> 2.3277392
A55: 45869 | B55: =IFERROR(('Lab Analysis'!E55/('Lab Analysis'!E55+(1.364*'Lab Analysis'!D55))),"0") -> 0.54497816 | C55: =IFERROR((2*'Lab Analysis'!E55/60)/('Lab Analysis'!C55/17+(2*'Lab Analysis'!E55/60)),"0") -> 0.37736165 | D55: =IFERROR(((2*('Lab Analysis'!E55/60)+('Lab Analysis'!C55/17))/(('Lab Analysis'!D55/44)+('Lab Analysis'!E55/60))),"0") -> 2.8887105 | E55: =IFERROR((('Lab Analysis'!F55/18)-('Lab Analysis'!E55/60))/(('Lab Analysis'!D55/44)+('Lab Analysis'!E55/60)),"0") -> 0.53340388 | F55: =IFERROR((('Lab Analysis'!F55/18)/('Lab Analysis'!E55/60)),"0") -> 1.9786432 | G55: =IFERROR(('Lab Analysis'!I55/('Lab Analysis'!I55+(1.765*'Lab Analysis'!G55))),"0") -> 0 | H55: =IFERROR(((2*('Lab Analysis'!I55/60))+('Lab Analysis'!G55/17))/(('Lab Analysis'!H55/44)+('Lab Analysis'!I55/60)),"0") -> 0 | I55: =IFERROR((('Lab Analysis'!J55/18)-('Lab Analysis'!I55/60))/(('Lab Analysis'!H55/44)+('Lab Analysis'!I55/60)),"0") -> 0 | J55: =IFERROR(('Lab Analysis'!M55/('Lab Analysis'!M55+(1.765*'Lab Analysis'!K55))),"0") -> 0 | K55: =IFERROR(((2*('Lab Analysis'!M55/60))+('Lab Analysis'!K55/17))/(('Lab Analysis'!L55/44)+('Lab Analysis'!M55/60)),"0") -> 0 | L55: =IFERROR((('Lab Analysis'!N55/18)-('Lab Analysis'!M55/60))/(('Lab Analysis'!L55/44)+('Lab Analysis'!M55/60)),"0") -> 0 | M55: =IFERROR(((2*('Lab Analysis'!U55/60))+('Lab Analysis'!S55/17))/(('Lab Analysis'!T55/44)+('Lab Analysis'!U55/60)),"0") -> 2.409187 | N55: =IFERROR((('Lab Analysis'!V55/18)-('Lab Analysis'!U55/60))/(('Lab Analysis'!T55/44)+('Lab Analysis'!U55/60)),"0") -> 1.2980469 | O55: =IFERROR(((2*('Lab Analysis'!Y55/60)+('Lab Analysis'!W55/17))/(('Lab Analysis'!X55/44)+('Lab Analysis'!Y55/60))),"0") -> 0 | P55: =IFERROR((('Lab Analysis'!Z55/18)-('Lab Analysis'!Y55/60))/(('Lab Analysis'!X55/44)+('Lab Analysis'!Y55/60)),"0") -> 0
A56: 45870 | B56: =IFERROR(('Lab Analysis'!E56/('Lab Analysis'!E56+(1.364*'Lab Analysis'!D56))),"0") -> 0.54714664 | C56: =IFERROR((2*'Lab Analysis'!E56/60)/('Lab Analysis'!C56/17+(2*'Lab Analysis'!E56/60)),"0") -> 0.37793237 | D56: =IFERROR(((2*('Lab Analysis'!E56/60)+('Lab Analysis'!C56/17))/(('Lab Analysis'!D56/44)+('Lab Analysis'!E56/60))),"0") -> 2.8958234 | E56: =IFERROR((('Lab Analysis'!F56/18)-('Lab Analysis'!E56/60))/(('Lab Analysis'!D56/44)+('Lab Analysis'!E56/60)),"0") -> 0.60938413 | F56: =IFERROR((('Lab Analysis'!F56/18)/('Lab Analysis'!E56/60)),"0") -> 2.1136147 | G56: =IFERROR(('Lab Analysis'!I56/('Lab Analysis'!I56+(1.765*'Lab Analysis'!G56))),"0") -> 0 | H56: =IFERROR(((2*('Lab Analysis'!I56/60))+('Lab Analysis'!G56/17))/(('Lab Analysis'!H56/44)+('Lab Analysis'!I56/60)),"0") -> 0 | I56: =IFERROR((('Lab Analysis'!J56/18)-('Lab Analysis'!I56/60))/(('Lab Analysis'!H56/44)+('Lab Analysis'!I56/60)),"0") -> 0 | J56: =IFERROR(('Lab Analysis'!M56/('Lab Analysis'!M56+(1.765*'Lab Analysis'!K56))),"0") -> 0 | K56: =IFERROR(((2*('Lab Analysis'!M56/60))+('Lab Analysis'!K56/17))/(('Lab Analysis'!L56/44)+('Lab Analysis'!M56/60)),"0") -> 0 | L56: =IFERROR((('Lab Analysis'!N56/18)-('Lab Analysis'!M56/60))/(('Lab Analysis'!L56/44)+('Lab Analysis'!M56/60)),"0") -> 0 | M56: =IFERROR(((2*('Lab Analysis'!U56/60))+('Lab Analysis'!S56/17))/(('Lab Analysis'!T56/44)+('Lab Analysis'!U56/60)),"0") -> 0 | N56: =IFERROR((('Lab Analysis'!V56/18)-('Lab Analysis'!U56/60))/(('Lab Analysis'!T56/44)+('Lab Analysis'!U56/60)),"0") -> 0 | O56: =IFERROR(((2*('Lab Analysis'!Y56/60)+('Lab Analysis'!W56/17))/(('Lab Analysis'!X56/44)+('Lab Analysis'!Y56/60))),"0") -> 0 | P56: =IFERROR((('Lab Analysis'!Z56/18)-('Lab Analysis'!Y56/60))/(('Lab Analysis'!X56/44)+('Lab Analysis'!Y56/60)),"0") -> 0
A57: 45871 | B57: =IFERROR(('Lab Analysis'!E57/('Lab Analysis'!E57+(1.364*'Lab Analysis'!D57))),"0") -> 0.54723379 | C57: =IFERROR((2*'Lab Analysis'!E57/60)/('Lab Analysis'!C57/17+(2*'Lab Analysis'!E57/60)),"0") -> 0.37803283 | D57: =IFERROR(((2*('Lab Analysis'!E57/60)+('Lab Analysis'!C57/17))/(('Lab Analysis'!D57/44)+('Lab Analysis'!E57/60))),"0") -> 2.8955149 | E57: =IFERROR((('Lab Analysis'!F57/18)-('Lab Analysis'!E57/60))/(('Lab Analysis'!D57/44)+('Lab Analysis'!E57/60)),"0") -> 0.59045611 | F57: =IFERROR((('Lab Analysis'!F57/18)/('Lab Analysis'!E57/60)),"0") -> 2.078853 | G57: =IFERROR(('Lab Analysis'!I57/('Lab Analysis'!I57+(1.765*'Lab Analysis'!G57))),"0") -> 0 | H57: =IFERROR(((2*('Lab Analysis'!I57/60))+('Lab Analysis'!G57/17))/(('Lab Analysis'!H57/44)+('Lab Analysis'!I57/60)),"0") -> 0 | I57: =IFERROR((('Lab Analysis'!J57/18)-('Lab Analysis'!I57/60))/(('Lab Analysis'!H57/44)+('Lab Analysis'!I57/60)),"0") -> 0 | J57: =IFERROR(('Lab Analysis'!M57/('Lab Analysis'!M57+(1.765*'Lab Analysis'!K57))),"0") -> 0 | K57: =IFERROR(((2*('Lab Analysis'!M57/60))+('Lab Analysis'!K57/17))/(('Lab Analysis'!L57/44)+('Lab Analysis'!M57/60)),"0") -> 0 | L57: =IFERROR((('Lab Analysis'!N57/18)-('Lab Analysis'!M57/60))/(('Lab Analysis'!L57/44)+('Lab Analysis'!M57/60)),"0") -> 0 | M57: =IFERROR(((2*('Lab Analysis'!U57/60))+('Lab Analysis'!S57/17))/(('Lab Analysis'!T57/44)+('Lab Analysis'!U57/60)),"0") -> 0 | N57: =IFERROR((('Lab Analysis'!V57/18)-('Lab Analysis'!U57/60))/(('Lab Analysis'!T57/44)+('Lab Analysis'!U57/60)),"0") -> 0 | O57: =IFERROR(((2*('Lab Analysis'!Y57/60)+('Lab Analysis'!W57/17))/(('Lab Analysis'!X57/44)+('Lab Analysis'!Y57/60))),"0") -> 0 | P57: =IFERROR((('Lab Analysis'!Z57/18)-('Lab Analysis'!Y57/60))/(('Lab Analysis'!X57/44)+('Lab Analysis'!Y57/60)),"0") -> 0
A58: 45872 | B58: =IFERROR(('Lab Analysis'!E58/('Lab Analysis'!E58+(1.364*'Lab Analysis'!D58))),"0") -> 0 | C58: =IFERROR((2*'Lab Analysis'!E58/60)/('Lab Analysis'!C58/17+(2*'Lab Analysis'!E58/60)),"0") -> 0 | D58: =IFERROR(((2*('Lab Analysis'!E58/60)+('Lab Analysis'!C58/17))/(('Lab Analysis'!D58/44)+('Lab Analysis'!E58/60))),"0") -> 0 | E58: =IFERROR((('Lab Analysis'!F58/18)-('Lab Analysis'!E58/60))/(('Lab Analysis'!D58/44)+('Lab Analysis'!E58/60)),"0") -> 0 | F58: =IFERROR((('Lab Analysis'!F58/18)/('Lab Analysis'!E58/60)),"0") -> 0 | G58: =IFERROR(('Lab Analysis'!I58/('Lab Analysis'!I58+(1.765*'Lab Analysis'!G58))),"0") -> 0 | H58: =IFERROR(((2*('Lab Analysis'!I58/60))+('Lab Analysis'!G58/17))/(('Lab Analysis'!H58/44)+('Lab Analysis'!I58/60)),"0") -> 0 | I58: =IFERROR((('Lab Analysis'!J58/18)-('Lab Analysis'!I58/60))/(('Lab Analysis'!H58/44)+('Lab Analysis'!I58/60)),"0") -> 0 | J58: =IFERROR(('Lab Analysis'!M58/('Lab Analysis'!M58+(1.765*'Lab Analysis'!K58))),"0") -> 0 | K58: =IFERROR(((2*('Lab Analysis'!M58/60))+('Lab Analysis'!K58/17))/(('Lab Analysis'!L58/44)+('Lab Analysis'!M58/60)),"0") -> 0 | L58: =IFERROR((('Lab Analysis'!N58/18)-('Lab Analysis'!M58/60))/(('Lab Analysis'!L58/44)+('Lab Analysis'!M58/60)),"0") -> 0 | M58: =IFERROR(((2*('Lab Analysis'!U58/60))+('Lab Analysis'!S58/17))/(('Lab Analysis'!T58/44)+('Lab Analysis'!U58/60)),"0") -> 0 | N58: =IFERROR((('Lab Analysis'!V58/18)-('Lab Analysis'!U58/60))/(('Lab Analysis'!T58/44)+('Lab Analysis'!U58/60)),"0") -> 0 | O58: =IFERROR(((2*('Lab Analysis'!Y58/60)+('Lab Analysis'!W58/17))/(('Lab Analysis'!X58/44)+('Lab Analysis'!Y58/60))),"0") -> 0 | P58: =IFERROR((('Lab Analysis'!Z58/18)-('Lab Analysis'!Y58/60))/(('Lab Analysis'!X58/44)+('Lab Analysis'!Y58/60)),"0") -> 0
... A180: 45994 | B180: =IFERROR(('Lab Analysis'!E180/('Lab Analysis'!E180+(1.364*'Lab Analysis'!D180))),"0") -> 0.55661014 | C180: =IFERROR((2*'Lab Analysis'!E180/60)/('Lab Analysis'!C180/17+(2*'Lab Analysis'!E180/60)),"0") -> 0.37254473 | D180: =IFERROR(((2*('Lab Analysis'!E180/60)+('Lab Analysis'!C180/17))/(('Lab Analysis'!D180/44)+('Lab Analysis'!E180/60))),"0") -> 2.9885053 | E180: =IFERROR((('Lab Analysis'!F180/18)-('Lab Analysis'!E180/60))/(('Lab Analysis'!D180/44)+('Lab Analysis'!E180/60)),"0") -> 0.52816412 | F180: =IFERROR((('Lab Analysis'!F180/18)/('Lab Analysis'!E180/60)),"0") -> 1.948782 | G180: =IFERROR(('Lab Analysis'!I180/('Lab Analysis'!I180+(1.765*'Lab Analysis'!G180))),"0") -> 0 | H180: =IFERROR(((2*('Lab Analysis'!I180/60))+('Lab Analysis'!G180/17))/(('Lab Analysis'!H180/44)+('Lab Analysis'!I180/60)),"0") -> 0 | I180: =IFERROR((('Lab Analysis'!J180/18)-('Lab Analysis'!I180/60))/(('Lab Analysis'!H180/44)+('Lab Analysis'!I180/60)),"0") -> 0 | J180: =IFERROR(('Lab Analysis'!M180/('Lab Analysis'!M180+(1.765*'Lab Analysis'!K180))),"0") -> 0 | K180: =IFERROR(((2*('Lab Analysis'!M180/60))+('Lab Analysis'!K180/17))/(('Lab Analysis'!L180/44)+('Lab Analysis'!M180/60)),"0") -> 0 | L180: =IFERROR((('Lab Analysis'!N180/18)-('Lab Analysis'!M180/60))/(('Lab Analysis'!L180/44)+('Lab Analysis'!M180/60)),"0") -> 0 | M180: =IFERROR(((2*('Lab Analysis'!U180/60))+('Lab Analysis'!S180/17))/(('Lab Analysis'!T180/44)+('Lab Analysis'!U180/60)),"0") -> 0 | N180: =IFERROR((('Lab Analysis'!V180/18)-('Lab Analysis'!U180/60))/(('Lab Analysis'!T180/44)+('Lab Analysis'!U180/60)),"0") -> 0 | O180: =IFERROR(((2*('Lab Analysis'!Y180/60)+('Lab Analysis'!W180/17))/(('Lab Analysis'!X180/44)+('Lab Analysis'!Y180/60))),"0") -> 0 | P180: =IFERROR((('Lab Analysis'!Z180/18)-('Lab Analysis'!Y180/60))/(('Lab Analysis'!X180/44)+('Lab Analysis'!Y180/60)),"0") -> 0
A181: 45995 | B181: =IFERROR(('Lab Analysis'!E181/('Lab Analysis'!E181+(1.364*'Lab Analysis'!D181))),"0") -> 0.55824902 | C181: =IFERROR((2*'Lab Analysis'!E181/60)/('Lab Analysis'!C181/17+(2*'Lab Analysis'!E181/60)),"0") -> 0.37596795 | D181: =IFERROR(((2*('Lab Analysis'!E181/60)+('Lab Analysis'!C181/17))/(('Lab Analysis'!D181/44)+('Lab Analysis'!E181/60))),"0") -> 2.9700126 | E181: =IFERROR((('Lab Analysis'!F181/18)-('Lab Analysis'!E181/60))/(('Lab Analysis'!D181/44)+('Lab Analysis'!E181/60)),"0") -> 0.54279155 | F181: =IFERROR((('Lab Analysis'!F181/18)/('Lab Analysis'!E181/60)),"0") -> 1.9721963 | G181: =IFERROR(('Lab Analysis'!I181/('Lab Analysis'!I181+(1.765*'Lab Analysis'!G181))),"0") -> 0.72508392 | H181: =IFERROR(((2*('Lab Analysis'!I181/60))+('Lab Analysis'!G181/17))/(('Lab Analysis'!H181/44)+('Lab Analysis'!I181/60)),"0") -> 2.2069793 | I181: =IFERROR((('Lab Analysis'!J181/18)-('Lab Analysis'!I181/60))/(('Lab Analysis'!H181/44)+('Lab Analysis'!I181/60)),"0") -> 0.68462935 | J181: =IFERROR(('Lab Analysis'!M181/('Lab Analysis'!M181+(1.765*'Lab Analysis'!K181))),"0") -> 0.57587838 | K181: =IFERROR(((2*('Lab Analysis'!M181/60))+('Lab Analysis'!K181/17))/(('Lab Analysis'!L181/44)+('Lab Analysis'!M181/60)),"0") -> 2.4628954 | L181: =IFERROR((('Lab Analysis'!N181/18)-('Lab Analysis'!M181/60))/(('Lab Analysis'!L181/44)+('Lab Analysis'!M181/60)),"0") -> 0.73111068 | M181: =IFERROR(((2*('Lab Analysis'!Q181/60))+('Lab Analysis'!O181/17))/(('Lab Analysis'!P181/44)+('Lab Analysis'!Q181/60)),"0") -> 2.0266663 | N181: =IFERROR((('Lab Analysis'!V181/18)-('Lab Analysis'!Q181/60))/(('Lab Analysis'!P181/44)+('Lab Analysis'!Q181/60)),"0") -> 0.51024654 | O181: =IFERROR(((2*('Lab Analysis'!Y181/60)+('Lab Analysis'!W181/17))/(('Lab Analysis'!X181/44)+('Lab Analysis'!Y181/60))),"0") -> 2.509651 | P181: =IFERROR((('Lab Analysis'!Z181/18)-('Lab Analysis'!Y181/60))/(('Lab Analysis'!X181/44)+('Lab Analysis'!Y181/60)),"0") -> 1.9943671
A182: 45996 | B182: =IFERROR(('Lab Analysis'!E182/('Lab Analysis'!E182+(1.364*'Lab Analysis'!D182))),"0") -> 0.55978481 | C182: =IFERROR((2*'Lab Analysis'!E182/60)/('Lab Analysis'!C182/17+(2*'Lab Analysis'!E182/60)),"0") -> 0.37650739 | D182: =IFERROR(((2*('Lab Analysis'!E182/60)+('Lab Analysis'!C182/17))/(('Lab Analysis'!D182/44)+('Lab Analysis'!E182/60))),"0") -> 2.9739151 | E182: =IFERROR((('Lab Analysis'!F182/18)-('Lab Analysis'!E182/60))/(('Lab Analysis'!D182/44)+('Lab Analysis'!E182/60)),"0") -> 0.55323125 | F182: =IFERROR((('Lab Analysis'!F182/18)/('Lab Analysis'!E182/60)),"0") -> 1.9881767 | G182: =IFERROR(('Lab Analysis'!I182/('Lab Analysis'!I182+(1.765*'Lab Analysis'!G182))),"0") -> 0 | H182: =IFERROR(((2*('Lab Analysis'!I182/60))+('Lab Analysis'!G182/17))/(('Lab Analysis'!H182/44)+('Lab Analysis'!I182/60)),"0") -> 0 | I182: =IFERROR((('Lab Analysis'!J182/18)-('Lab Analysis'!I182/60))/(('Lab Analysis'!H182/44)+('Lab Analysis'!I182/60)),"0") -> 0 | J182: =IFERROR(('Lab Analysis'!M182/('Lab Analysis'!M182+(1.765*'Lab Analysis'!K182))),"0") -> 0 | K182: =IFERROR(((2*('Lab Analysis'!M182/60))+('Lab Analysis'!K182/17))/(('Lab Analysis'!L182/44)+('Lab Analysis'!M182/60)),"0") -> 0 | L182: =IFERROR((('Lab Analysis'!N182/18)-('Lab Analysis'!M182/60))/(('Lab Analysis'!L182/44)+('Lab Analysis'!M182/60)),"0") -> 0 | M182: =IFERROR(((2*('Lab Analysis'!U182/60))+('Lab Analysis'!S182/17))/(('Lab Analysis'!T182/44)+('Lab Analysis'!U182/60)),"0") -> 0 | N182: =IFERROR((('Lab Analysis'!V182/18)-('Lab Analysis'!U182/60))/(('Lab Analysis'!T182/44)+('Lab Analysis'!U182/60)),"0") -> 0 | O182: =IFERROR(((2*('Lab Analysis'!Y182/60)+('Lab Analysis'!W182/17))/(('Lab Analysis'!X182/44)+('Lab Analysis'!Y182/60))),"0") -> 0 | P182: =IFERROR((('Lab Analysis'!Z182/18)-('Lab Analysis'!Y182/60))/(('Lab Analysis'!X182/44)+('Lab Analysis'!Y182/60)),"0") -> 0
A183: 45997 | B183: =IFERROR(('Lab Analysis'!E183/('Lab Analysis'!E183+(1.364*'Lab Analysis'!D183))),"0") -> 0.55581536 | C183: =IFERROR((2*'Lab Analysis'!E183/60)/('Lab Analysis'!C183/17+(2*'Lab Analysis'!E183/60)),"0") -> 0.37374225 | D183: =IFERROR(((2*('Lab Analysis'!E183/60)+('Lab Analysis'!C183/17))/(('Lab Analysis'!D183/44)+('Lab Analysis'!E183/60))),"0") -> 2.9746768 | E183: =IFERROR((('Lab Analysis'!F183/18)-('Lab Analysis'!E183/60))/(('Lab Analysis'!D183/44)+('Lab Analysis'!E183/60)),"0") -> 0.55471947 | F183: =IFERROR((('Lab Analysis'!F183/18)/('Lab Analysis'!E183/60)),"0") -> 1.9979101 | G183: =IFERROR(('Lab Analysis'!I183/('Lab Analysis'!I183+(1.765*'Lab Analysis'!G183))),"0") -> 0 | H183: =IFERROR(((2*('Lab Analysis'!I183/60))+('Lab Analysis'!G183/17))/(('Lab Analysis'!H183/44)+('Lab Analysis'!I183/60)),"0") -> 0 | I183: =IFERROR((('Lab Analysis'!J183/18)-('Lab Analysis'!I183/60))/(('Lab Analysis'!H183/44)+('Lab Analysis'!I183/60)),"0") -> 0 | J183: =IFERROR(('Lab Analysis'!M183/('Lab Analysis'!M183+(1.765*'Lab Analysis'!K183))),"0") -> 0 | K183: =IFERROR(((2*('Lab Analysis'!M183/60))+('Lab Analysis'!K183/17))/(('Lab Analysis'!L183/44)+('Lab Analysis'!M183/60)),"0") -> 0 | L183: =IFERROR((('Lab Analysis'!N183/18)-('Lab Analysis'!M183/60))/(('Lab Analysis'!L183/44)+('Lab Analysis'!M183/60)),"0") -> 0 | M183: =IFERROR(((2*('Lab Analysis'!U183/60))+('Lab Analysis'!S183/17))/(('Lab Analysis'!T183/44)+('Lab Analysis'!U183/60)),"0") -> 0 | N183: =IFERROR((('Lab Analysis'!V183/18)-('Lab Analysis'!U183/60))/(('Lab Analysis'!T183/44)+('Lab Analysis'!U183/60)),"0") -> 0 | O183: =IFERROR(((2*('Lab Analysis'!Y183/60)+('Lab Analysis'!W183/17))/(('Lab Analysis'!X183/44)+('Lab Analysis'!Y183/60))),"0") -> 0 | P183: =IFERROR((('Lab Analysis'!Z183/18)-('Lab Analysis'!Y183/60))/(('Lab Analysis'!X183/44)+('Lab Analysis'!Y183/60)),"0") -> 0
A184: 45998 | B184: =IFERROR(('Lab Analysis'!E184/('Lab Analysis'!E184+(1.364*'Lab Analysis'!D184))),"0") -> 0 | C184: =IFERROR((2*'Lab Analysis'!E184/60)/('Lab Analysis'!C184/17+(2*'Lab Analysis'!E184/60)),"0") -> 0 | D184: =IFERROR(((2*('Lab Analysis'!E184/60)+('Lab Analysis'!C184/17))/(('Lab Analysis'!D184/44)+('Lab Analysis'!E184/60))),"0") -> 0 | E184: =IFERROR((('Lab Analysis'!F184/18)-('Lab Analysis'!E184/60))/(('Lab Analysis'!D184/44)+('Lab Analysis'!E184/60)),"0") -> 0 | F184: =IFERROR((('Lab Analysis'!F184/18)/('Lab Analysis'!E184/60)),"0") -> 0 | G184: =IFERROR(('Lab Analysis'!I184/('Lab Analysis'!I184+(1.765*'Lab Analysis'!G184))),"0") -> 0 | H184: =IFERROR(((2*('Lab Analysis'!I184/60))+('Lab Analysis'!G184/17))/(('Lab Analysis'!H184/44)+('Lab Analysis'!I184/60)),"0") -> 0 | I184: =IFERROR((('Lab Analysis'!J184/18)-('Lab Analysis'!I184/60))/(('Lab Analysis'!H184/44)+('Lab Analysis'!I184/60)),"0") -> 0 | J184: =IFERROR(('Lab Analysis'!M184/('Lab Analysis'!M184+(1.765*'Lab Analysis'!K184))),"0") -> 0 | K184: =IFERROR(((2*('Lab Analysis'!M184/60))+('Lab Analysis'!K184/17))/(('Lab Analysis'!L184/44)+('Lab Analysis'!M184/60)),"0") -> 0 | L184: =IFERROR((('Lab Analysis'!N184/18)-('Lab Analysis'!M184/60))/(('Lab Analysis'!L184/44)+('Lab Analysis'!M184/60)),"0") -> 0 | M184: =IFERROR(((2*('Lab Analysis'!U184/60))+('Lab Analysis'!S184/17))/(('Lab Analysis'!T184/44)+('Lab Analysis'!U184/60)),"0") -> 0 | N184: =IFERROR((('Lab Analysis'!V184/18)-('Lab Analysis'!U184/60))/(('Lab Analysis'!T184/44)+('Lab Analysis'!U184/60)),"0") -> 0 | O184: =IFERROR(((2*('Lab Analysis'!Y184/60)+('Lab Analysis'!W184/17))/(('Lab Analysis'!X184/44)+('Lab Analysis'!Y184/60))),"0") -> 0 | P184: =IFERROR((('Lab Analysis'!Z184/18)-('Lab Analysis'!Y184/60))/(('Lab Analysis'!X184/44)+('Lab Analysis'!Y184/60)),"0") -> 0
A185: 45999 | B185: =IFERROR(('Lab Analysis'!E185/('Lab Analysis'!E185+(1.364*'Lab Analysis'!D185))),"0") -> 0.55974889 | C185: =IFERROR((2*'Lab Analysis'!E185/60)/('Lab Analysis'!C185/17+(2*'Lab Analysis'!E185/60)),"0") -> 0.37525302 | D185: =IFERROR(((2*('Lab Analysis'!E185/60)+('Lab Analysis'!C185/17))/(('Lab Analysis'!D185/44)+('Lab Analysis'!E185/60))),"0") -> 2.9836647 | E185: =IFERROR((('Lab Analysis'!F185/18)-('Lab Analysis'!E185/60))/(('Lab Analysis'!D185/44)+('Lab Analysis'!E185/60)),"0") -> 0.53823641 | F185: =IFERROR((('Lab Analysis'!F185/18)/('Lab Analysis'!E185/60)),"0") -> 1.9614548 | G185: =IFERROR(('Lab Analysis'!I185/('Lab Analysis'!I185+(1.765*'Lab Analysis'!G185))),"0") -> 0.72264776 | H185: =IFERROR(((2*('Lab Analysis'!I185/60))+('Lab Analysis'!G185/17))/(('Lab Analysis'!H185/44)+('Lab Analysis'!I185/60)),"0") -> 2.2076285 | I185: =IFERROR((('Lab Analysis'!J185/18)-('Lab Analysis'!I185/60))/(('Lab Analysis'!H185/44)+('Lab Analysis'!I185/60)),"0") -> 0.63773058 | J185: =IFERROR(('Lab Analysis'!M185/('Lab Analysis'!M185+(1.765*'Lab Analysis'!K185))),"0") -> 0.58580514 | K185: =IFERROR(((2*('Lab Analysis'!M185/60))+('Lab Analysis'!K185/17))/(('Lab Analysis'!L185/44)+('Lab Analysis'!M185/60)),"0") -> 2.4218321 | L185: =IFERROR((('Lab Analysis'!N185/18)-('Lab Analysis'!M185/60))/(('Lab Analysis'!L185/44)+('Lab Analysis'!M185/60)),"0") -> 0.69064837 | M185: =IFERROR(((2*('Lab Analysis'!U185/60))+('Lab Analysis'!S185/17))/(('Lab Analysis'!T185/44)+('Lab Analysis'!U185/60)),"0") -> 0 | N185: =IFERROR((('Lab Analysis'!V185/18)-('Lab Analysis'!U185/60))/(('Lab Analysis'!T185/44)+('Lab Analysis'!U185/60)),"0") -> 0 | O185: =IFERROR(((2*('Lab Analysis'!Y185/60)+('Lab Analysis'!W185/17))/(('Lab Analysis'!X185/44)+('Lab Analysis'!Y185/60))),"0") -> 2.4729001 | P185: =IFERROR((('Lab Analysis'!Z185/18)-('Lab Analysis'!Y185/60))/(('Lab Analysis'!X185/44)+('Lab Analysis'!Y185/60)),"0") -> 1.9857305
A186: 46000 | B186: =IFERROR(('Lab Analysis'!E186/('Lab Analysis'!E186+(1.364*'Lab Analysis'!D186))),"0") -> 0 | C186: =IFERROR((2*'Lab Analysis'!E186/60)/('Lab Analysis'!C186/17+(2*'Lab Analysis'!E186/60)),"0") -> 0 | D186: =IFERROR(((2*('Lab Analysis'!E186/60)+('Lab Analysis'!C186/17))/(('Lab Analysis'!D186/44)+('Lab Analysis'!E186/60))),"0") -> 0 | E186: =IFERROR((('Lab Analysis'!F186/18)-('Lab Analysis'!E186/60))/(('Lab Analysis'!D186/44)+('Lab Analysis'!E186/60)),"0") -> 0 | F186: =IFERROR((('Lab Analysis'!F186/18)/('Lab Analysis'!E186/60)),"0") -> 0 | G186: =IFERROR(('Lab Analysis'!I186/('Lab Analysis'!I186+(1.765*'Lab Analysis'!G186))),"0") -> 0 | H186: =IFERROR(((2*('Lab Analysis'!I186/60))+('Lab Analysis'!G186/17))/(('Lab Analysis'!H186/44)+('Lab Analysis'!I186/60)),"0") -> 0 | I186: =IFERROR((('Lab Analysis'!J186/18)-('Lab Analysis'!I186/60))/(('Lab Analysis'!H186/44)+('Lab Analysis'!I186/60)),"0") -> 0 | J186: =IFERROR(('Lab Analysis'!M186/('Lab Analysis'!M186+(1.765*'Lab Analysis'!K186))),"0") -> 0 | K186: =IFERROR(((2*('Lab Analysis'!M186/60))+('Lab Analysis'!K186/17))/(('Lab Analysis'!L186/44)+('Lab Analysis'!M186/60)),"0") -> 0 | L186: =IFERROR((('Lab Analysis'!N186/18)-('Lab Analysis'!M186/60))/(('Lab Analysis'!L186/44)+('Lab Analysis'!M186/60)),"0") -> 0 | M186: =IFERROR(((2*('Lab Analysis'!U186/60))+('Lab Analysis'!S186/17))/(('Lab Analysis'!T186/44)+('Lab Analysis'!U186/60)),"0") -> 0 | N186: =IFERROR((('Lab Analysis'!V186/18)-('Lab Analysis'!U186/60))/(('Lab Analysis'!T186/44)+('Lab Analysis'!U186/60)),"0") -> 0 | O186: =IFERROR(((2*('Lab Analysis'!Y186/60)+('Lab Analysis'!W186/17))/(('Lab Analysis'!X186/44)+('Lab Analysis'!Y186/60))),"0") -> 0 | P186: =IFERROR((('Lab Analysis'!Z186/18)-('Lab Analysis'!Y186/60))/(('Lab Analysis'!X186/44)+('Lab Analysis'!Y186/60)),"0") -> 0
A187: 46001 | B187: =IFERROR(('Lab Analysis'!E187/('Lab Analysis'!E187+(1.364*'Lab Analysis'!D187))),"0") -> 0 | C187: =IFERROR((2*'Lab Analysis'!E187/60)/('Lab Analysis'!C187/17+(2*'Lab Analysis'!E187/60)),"0") -> 0 | D187: =IFERROR(((2*('Lab Analysis'!E187/60)+('Lab Analysis'!C187/17))/(('Lab Analysis'!D187/44)+('Lab Analysis'!E187/60))),"0") -> 0 | E187: =IFERROR((('Lab Analysis'!F187/18)-('Lab Analysis'!E187/60))/(('Lab Analysis'!D187/44)+('Lab Analysis'!E187/60)),"0") -> 0 | F187: =IFERROR((('Lab Analysis'!F187/18)/('Lab Analysis'!E187/60)),"0") -> 0 | G187: =IFERROR(('Lab Analysis'!I187/('Lab Analysis'!I187+(1.765*'Lab Analysis'!G187))),"0") -> 0 | H187: =IFERROR(((2*('Lab Analysis'!I187/60))+('Lab Analysis'!G187/17))/(('Lab Analysis'!H187/44)+('Lab Analysis'!I187/60)),"0") -> 0 | I187: =IFERROR((('Lab Analysis'!J187/18)-('Lab Analysis'!I187/60))/(('Lab Analysis'!H187/44)+('Lab Analysis'!I187/60)),"0") -> 0 | J187: =IFERROR(('Lab Analysis'!M187/('Lab Analysis'!M187+(1.765*'Lab Analysis'!K187))),"0") -> 0 | K187: =IFERROR(((2*('Lab Analysis'!M187/60))+('Lab Analysis'!K187/17))/(('Lab Analysis'!L187/44)+('Lab Analysis'!M187/60)),"0") -> 0 | L187: =IFERROR((('Lab Analysis'!N187/18)-('Lab Analysis'!M187/60))/(('Lab Analysis'!L187/44)+('Lab Analysis'!M187/60)),"0") -> 0 | M187: =IFERROR(((2*('Lab Analysis'!U187/60))+('Lab Analysis'!S187/17))/(('Lab Analysis'!T187/44)+('Lab Analysis'!U187/60)),"0") -> 0 | N187: =IFERROR((('Lab Analysis'!V187/18)-('Lab Analysis'!U187/60))/(('Lab Analysis'!T187/44)+('Lab Analysis'!U187/60)),"0") -> 0 | O187: =IFERROR(((2*('Lab Analysis'!Y187/60)+('Lab Analysis'!W187/17))/(('Lab Analysis'!X187/44)+('Lab Analysis'!Y187/60))),"0") -> 0 | P187: =IFERROR((('Lab Analysis'!Z187/18)-('Lab Analysis'!Y187/60))/(('Lab Analysis'!X187/44)+('Lab Analysis'!Y187/60)),"0") -> 0
A188: 46002 | B188: =IFERROR(('Lab Analysis'!E188/('Lab Analysis'!E188+(1.364*'Lab Analysis'!D188))),"0") -> 0 | C188: =IFERROR((2*'Lab Analysis'!E188/60)/('Lab Analysis'!C188/17+(2*'Lab Analysis'!E188/60)),"0") -> 0 | D188: =IFERROR(((2*('Lab Analysis'!E188/60)+('Lab Analysis'!C188/17))/(('Lab Analysis'!D188/44)+('Lab Analysis'!E188/60))),"0") -> 0 | E188: =IFERROR((('Lab Analysis'!F188/18)-('Lab Analysis'!E188/60))/(('Lab Analysis'!D188/44)+('Lab Analysis'!E188/60)),"0") -> 0 | F188: =IFERROR((('Lab Analysis'!F188/18)/('Lab Analysis'!E188/60)),"0") -> 0 | G188: =IFERROR(('Lab Analysis'!I188/('Lab Analysis'!I188+(1.765*'Lab Analysis'!G188))),"0") -> 0 | H188: =IFERROR(((2*('Lab Analysis'!I188/60))+('Lab Analysis'!G188/17))/(('Lab Analysis'!H188/44)+('Lab Analysis'!I188/60)),"0") -> 0 | I188: =IFERROR((('Lab Analysis'!J188/18)-('Lab Analysis'!I188/60))/(('Lab Analysis'!H188/44)+('Lab Analysis'!I188/60)),"0") -> 0 | J188: =IFERROR(('Lab Analysis'!M188/('Lab Analysis'!M188+(1.765*'Lab Analysis'!K188))),"0") -> 0 | K188: =IFERROR(((2*('Lab Analysis'!M188/60))+('Lab Analysis'!K188/17))/(('Lab Analysis'!L188/44)+('Lab Analysis'!M188/60)),"0") -> 0 | L188: =IFERROR((('Lab Analysis'!N188/18)-('Lab Analysis'!M188/60))/(('Lab Analysis'!L188/44)+('Lab Analysis'!M188/60)),"0") -> 0 | M188: =IFERROR(((2*('Lab Analysis'!U188/60))+('Lab Analysis'!S188/17))/(('Lab Analysis'!T188/44)+('Lab Analysis'!U188/60)),"0") -> 0 | N188: =IFERROR((('Lab Analysis'!V188/18)-('Lab Analysis'!U188/60))/(('Lab Analysis'!T188/44)+('Lab Analysis'!U188/60)),"0") -> 0 | O188: =IFERROR(((2*('Lab Analysis'!Y188/60)+('Lab Analysis'!W188/17))/(('Lab Analysis'!X188/44)+('Lab Analysis'!Y188/60))),"0") -> 0 | P188: =IFERROR((('Lab Analysis'!Z188/18)-('Lab Analysis'!Y188/60))/(('Lab Analysis'!X188/44)+('Lab Analysis'!Y188/60)),"0") -> 0
A189: 46003 | B189: =IFERROR(('Lab Analysis'!E189/('Lab Analysis'!E189+(1.364*'Lab Analysis'!D189))),"0") -> 0 | C189: =IFERROR((2*'Lab Analysis'!E189/60)/('Lab Analysis'!C189/17+(2*'Lab Analysis'!E189/60)),"0") -> 0 | D189: =IFERROR(((2*('Lab Analysis'!E189/60)+('Lab Analysis'!C189/17))/(('Lab Analysis'!D189/44)+('Lab Analysis'!E189/60))),"0") -> 0 | E189: =IFERROR((('Lab Analysis'!F189/18)-('Lab Analysis'!E189/60))/(('Lab Analysis'!D189/44)+('Lab Analysis'!E189/60)),"0") -> 0 | F189: =IFERROR((('Lab Analysis'!F189/18)/('Lab Analysis'!E189/60)),"0") -> 0 | G189: =IFERROR(('Lab Analysis'!I189/('Lab Analysis'!I189+(1.765*'Lab Analysis'!G189))),"0") -> 0 | H189: =IFERROR(((2*('Lab Analysis'!I189/60))+('Lab Analysis'!G189/17))/(('Lab Analysis'!H189/44)+('Lab Analysis'!I189/60)),"0") -> 0 | I189: =IFERROR((('Lab Analysis'!J189/18)-('Lab Analysis'!I189/60))/(('Lab Analysis'!H189/44)+('Lab Analysis'!I189/60)),"0") -> 0 | J189: =IFERROR(('Lab Analysis'!M189/('Lab Analysis'!M189+(1.765*'Lab Analysis'!K189))),"0") -> 0 | K189: =IFERROR(((2*('Lab Analysis'!M189/60))+('Lab Analysis'!K189/17))/(('Lab Analysis'!L189/44)+('Lab Analysis'!M189/60)),"0") -> 0 | L189: =IFERROR((('Lab Analysis'!N189/18)-('Lab Analysis'!M189/60))/(('Lab Analysis'!L189/44)+('Lab Analysis'!M189/60)),"0") -> 0 | M189: =IFERROR(((2*('Lab Analysis'!U189/60))+('Lab Analysis'!S189/17))/(('Lab Analysis'!T189/44)+('Lab Analysis'!U189/60)),"0") -> 0 | N189: =IFERROR((('Lab Analysis'!V189/18)-('Lab Analysis'!U189/60))/(('Lab Analysis'!T189/44)+('Lab Analysis'!U189/60)),"0") -> 0 | O189: =IFERROR(((2*('Lab Analysis'!Y189/60)+('Lab Analysis'!W189/17))/(('Lab Analysis'!X189/44)+('Lab Analysis'!Y189/60))),"0") -> 0 | P189: =IFERROR((('Lab Analysis'!Z189/18)-('Lab Analysis'!Y189/60))/(('Lab Analysis'!X189/44)+('Lab Analysis'!Y189/60)),"0") -> 0
A190: 46004 | B190: =IFERROR(('Lab Analysis'!E190/('Lab Analysis'!E190+(1.364*'Lab Analysis'!D190))),"0") -> 0 | C190: =IFERROR((2*'Lab Analysis'!E190/60)/('Lab Analysis'!C190/17+(2*'Lab Analysis'!E190/60)),"0") -> 0 | D190: =IFERROR(((2*('Lab Analysis'!E190/60)+('Lab Analysis'!C190/17))/(('Lab Analysis'!D190/44)+('Lab Analysis'!E190/60))),"0") -> 0 | E190: =IFERROR((('Lab Analysis'!F190/18)-('Lab Analysis'!E190/60))/(('Lab Analysis'!D190/44)+('Lab Analysis'!E190/60)),"0") -> 0 | F190: =IFERROR((('Lab Analysis'!F190/18)/('Lab Analysis'!E190/60)),"0") -> 0 | G190: =IFERROR(('Lab Analysis'!I190/('Lab Analysis'!I190+(1.765*'Lab Analysis'!G190))),"0") -> 0 | H190: =IFERROR(((2*('Lab Analysis'!I190/60))+('Lab Analysis'!G190/17))/(('Lab Analysis'!H190/44)+('Lab Analysis'!I190/60)),"0") -> 0 | I190: =IFERROR((('Lab Analysis'!J190/18)-('Lab Analysis'!I190/60))/(('Lab Analysis'!H190/44)+('Lab Analysis'!I190/60)),"0") -> 0 | J190: =IFERROR(('Lab Analysis'!M190/('Lab Analysis'!M190+(1.765*'Lab Analysis'!K190))),"0") -> 0 | K190: =IFERROR(((2*('Lab Analysis'!M190/60))+('Lab Analysis'!K190/17))/(('Lab Analysis'!L190/44)+('Lab Analysis'!M190/60)),"0") -> 0 | L190: =IFERROR((('Lab Analysis'!N190/18)-('Lab Analysis'!M190/60))/(('Lab Analysis'!L190/44)+('Lab Analysis'!M190/60)),"0") -> 0 | M190: =IFERROR(((2*('Lab Analysis'!U190/60))+('Lab Analysis'!S190/17))/(('Lab Analysis'!T190/44)+('Lab Analysis'!U190/60)),"0") -> 0 | N190: =IFERROR((('Lab Analysis'!V190/18)-('Lab Analysis'!U190/60))/(('Lab Analysis'!T190/44)+('Lab Analysis'!U190/60)),"0") -> 0 | O190: =IFERROR(((2*('Lab Analysis'!Y190/60)+('Lab Analysis'!W190/17))/(('Lab Analysis'!X190/44)+('Lab Analysis'!Y190/60))),"0") -> 0 | P190: =IFERROR((('Lab Analysis'!Z190/18)-('Lab Analysis'!Y190/60))/(('Lab Analysis'!X190/44)+('Lab Analysis'!Y190/60)),"0") -> 0
A191: 46005 | B191: =IFERROR(('Lab Analysis'!E191/('Lab Analysis'!E191+(1.364*'Lab Analysis'!D191))),"0") -> 0 | C191: =IFERROR((2*'Lab Analysis'!E191/60)/('Lab Analysis'!C191/17+(2*'Lab Analysis'!E191/60)),"0") -> 0 | D191: =IFERROR(((2*('Lab Analysis'!E191/60)+('Lab Analysis'!C191/17))/(('Lab Analysis'!D191/44)+('Lab Analysis'!E191/60))),"0") -> 0 | E191: =IFERROR((('Lab Analysis'!F191/18)-('Lab Analysis'!E191/60))/(('Lab Analysis'!D191/44)+('Lab Analysis'!E191/60)),"0") -> 0 | F191: =IFERROR((('Lab Analysis'!F191/18)/('Lab Analysis'!E191/60)),"0") -> 0 | G191: =IFERROR(('Lab Analysis'!I191/('Lab Analysis'!I191+(1.765*'Lab Analysis'!G191))),"0") -> 0 | H191: =IFERROR(((2*('Lab Analysis'!I191/60))+('Lab Analysis'!G191/17))/(('Lab Analysis'!H191/44)+('Lab Analysis'!I191/60)),"0") -> 0 | I191: =IFERROR((('Lab Analysis'!J191/18)-('Lab Analysis'!I191/60))/(('Lab Analysis'!H191/44)+('Lab Analysis'!I191/60)),"0") -> 0 | J191: =IFERROR(('Lab Analysis'!M191/('Lab Analysis'!M191+(1.765*'Lab Analysis'!K191))),"0") -> 0 | K191: =IFERROR(((2*('Lab Analysis'!M191/60))+('Lab Analysis'!K191/17))/(('Lab Analysis'!L191/44)+('Lab Analysis'!M191/60)),"0") -> 0 | L191: =IFERROR((('Lab Analysis'!N191/18)-('Lab Analysis'!M191/60))/(('Lab Analysis'!L191/44)+('Lab Analysis'!M191/60)),"0") -> 0 | M191: =IFERROR(((2*('Lab Analysis'!U191/60))+('Lab Analysis'!S191/17))/(('Lab Analysis'!T191/44)+('Lab Analysis'!U191/60)),"0") -> 0 | N191: =IFERROR((('Lab Analysis'!V191/18)-('Lab Analysis'!U191/60))/(('Lab Analysis'!T191/44)+('Lab Analysis'!U191/60)),"0") -> 0 | O191: =IFERROR(((2*('Lab Analysis'!Y191/60)+('Lab Analysis'!W191/17))/(('Lab Analysis'!X191/44)+('Lab Analysis'!Y191/60))),"0") -> 0 | P191: =IFERROR((('Lab Analysis'!Z191/18)-('Lab Analysis'!Y191/60))/(('Lab Analysis'!X191/44)+('Lab Analysis'!Y191/60)),"0") -> 0
A192: 46006 | B192: =IFERROR(('Lab Analysis'!E192/('Lab Analysis'!E192+(1.364*'Lab Analysis'!D192))),"0") -> 0 | C192: =IFERROR((2*'Lab Analysis'!E192/60)/('Lab Analysis'!C192/17+(2*'Lab Analysis'!E192/60)),"0") -> 0 | D192: =IFERROR(((2*('Lab Analysis'!E192/60)+('Lab Analysis'!C192/17))/(('Lab Analysis'!D192/44)+('Lab Analysis'!E192/60))),"0") -> 0 | E192: =IFERROR((('Lab Analysis'!F192/18)-('Lab Analysis'!E192/60))/(('Lab Analysis'!D192/44)+('Lab Analysis'!E192/60)),"0") -> 0 | F192: =IFERROR((('Lab Analysis'!F192/18)/('Lab Analysis'!E192/60)),"0") -> 0 | G192: =IFERROR(('Lab Analysis'!I192/('Lab Analysis'!I192+(1.765*'Lab Analysis'!G192))),"0") -> 0 | H192: =IFERROR(((2*('Lab Analysis'!I192/60))+('Lab Analysis'!G192/17))/(('Lab Analysis'!H192/44)+('Lab Analysis'!I192/60)),"0") -> 0 | I192: =IFERROR((('Lab Analysis'!J192/18)-('Lab Analysis'!I192/60))/(('Lab Analysis'!H192/44)+('Lab Analysis'!I192/60)),"0") -> 0 | J192: =IFERROR(('Lab Analysis'!M192/('Lab Analysis'!M192+(1.765*'Lab Analysis'!K192))),"0") -> 0 | K192: =IFERROR(((2*('Lab Analysis'!M192/60))+('Lab Analysis'!K192/17))/(('Lab Analysis'!L192/44)+('Lab Analysis'!M192/60)),"0") -> 0 | L192: =IFERROR((('Lab Analysis'!N192/18)-('Lab Analysis'!M192/60))/(('Lab Analysis'!L192/44)+('Lab Analysis'!M192/60)),"0") -> 0 | M192: =IFERROR(((2*('Lab Analysis'!U192/60))+('Lab Analysis'!S192/17))/(('Lab Analysis'!T192/44)+('Lab Analysis'!U192/60)),"0") -> 0 | N192: =IFERROR((('Lab Analysis'!V192/18)-('Lab Analysis'!U192/60))/(('Lab Analysis'!T192/44)+('Lab Analysis'!U192/60)),"0") -> 0 | O192: =IFERROR(((2*('Lab Analysis'!Y192/60)+('Lab Analysis'!W192/17))/(('Lab Analysis'!X192/44)+('Lab Analysis'!Y192/60))),"0") -> 0 | P192: =IFERROR((('Lab Analysis'!Z192/18)-('Lab Analysis'!Y192/60))/(('Lab Analysis'!X192/44)+('Lab Analysis'!Y192/60)),"0") -> 0
A193: 46007 | B193: =IFERROR(('Lab Analysis'!E193/('Lab Analysis'!E193+(1.364*'Lab Analysis'!D193))),"0") -> 0 | C193: =IFERROR((2*'Lab Analysis'!E193/60)/('Lab Analysis'!C193/17+(2*'Lab Analysis'!E193/60)),"0") -> 0 | D193: =IFERROR(((2*('Lab Analysis'!E193/60)+('Lab Analysis'!C193/17))/(('Lab Analysis'!D193/44)+('Lab Analysis'!E193/60))),"0") -> 0 | E193: =IFERROR((('Lab Analysis'!F193/18)-('Lab Analysis'!E193/60))/(('Lab Analysis'!D193/44)+('Lab Analysis'!E193/60)),"0") -> 0 | F193: =IFERROR((('Lab Analysis'!F193/18)/('Lab Analysis'!E193/60)),"0") -> 0 | G193: =IFERROR(('Lab Analysis'!I193/('Lab Analysis'!I193+(1.765*'Lab Analysis'!G193))),"0") -> 0 | H193: =IFERROR(((2*('Lab Analysis'!I193/60))+('Lab Analysis'!G193/17))/(('Lab Analysis'!H193/44)+('Lab Analysis'!I193/60)),"0") -> 0 | I193: =IFERROR((('Lab Analysis'!J193/18)-('Lab Analysis'!I193/60))/(('Lab Analysis'!H193/44)+('Lab Analysis'!I193/60)),"0") -> 0 | J193: =IFERROR(('Lab Analysis'!M193/('Lab Analysis'!M193+(1.765*'Lab Analysis'!K193))),"0") -> 0 | K193: =IFERROR(((2*('Lab Analysis'!M193/60))+('Lab Analysis'!K193/17))/(('Lab Analysis'!L193/44)+('Lab Analysis'!M193/60)),"0") -> 0 | L193: =IFERROR((('Lab Analysis'!N193/18)-('Lab Analysis'!M193/60))/(('Lab Analysis'!L193/44)+('Lab Analysis'!M193/60)),"0") -> 0 | M193: =IFERROR(((2*('Lab Analysis'!U193/60))+('Lab Analysis'!S193/17))/(('Lab Analysis'!T193/44)+('Lab Analysis'!U193/60)),"0") -> 0 | N193: =IFERROR((('Lab Analysis'!V193/18)-('Lab Analysis'!U193/60))/(('Lab Analysis'!T193/44)+('Lab Analysis'!U193/60)),"0") -> 0 | O193: =IFERROR(((2*('Lab Analysis'!Y193/60)+('Lab Analysis'!W193/17))/(('Lab Analysis'!X193/44)+('Lab Analysis'!Y193/60))),"0") -> 0 | P193: =IFERROR((('Lab Analysis'!Z193/18)-('Lab Analysis'!Y193/60))/(('Lab Analysis'!X193/44)+('Lab Analysis'!Y193/60)),"0") -> 0
... A202: 46016 | B202: =IFERROR(('Lab Analysis'!E202/('Lab Analysis'!E202+(1.364*'Lab Analysis'!D202))),"0") -> 0 | C202: =IFERROR((2*'Lab Analysis'!E202/60)/('Lab Analysis'!C202/17+(2*'Lab Analysis'!E202/60)),"0") -> 0 | D202: =IFERROR(((2*('Lab Analysis'!E202/60)+('Lab Analysis'!C202/17))/(('Lab Analysis'!D202/44)+('Lab Analysis'!E202/60))),"0") -> 0 | E202: =IFERROR((('Lab Analysis'!F202/18)-('Lab Analysis'!E202/60))/(('Lab Analysis'!D202/44)+('Lab Analysis'!E202/60)),"0") -> 0 | F202: =IFERROR((('Lab Analysis'!F202/18)/('Lab Analysis'!E202/60)),"0") -> 0 | G202: =IFERROR(('Lab Analysis'!I202/('Lab Analysis'!I202+(1.765*'Lab Analysis'!G202))),"0") -> 0 | H202: =IFERROR(((2*('Lab Analysis'!I202/60))+('Lab Analysis'!G202/17))/(('Lab Analysis'!H202/44)+('Lab Analysis'!I202/60)),"0") -> 0 | I202: =IFERROR((('Lab Analysis'!J202/18)-('Lab Analysis'!I202/60))/(('Lab Analysis'!H202/44)+('Lab Analysis'!I202/60)),"0") -> 0 | J202: =IFERROR(('Lab Analysis'!M202/('Lab Analysis'!M202+(1.765*'Lab Analysis'!K202))),"0") -> 0 | K202: =IFERROR(((2*('Lab Analysis'!M202/60))+('Lab Analysis'!K202/17))/(('Lab Analysis'!L202/44)+('Lab Analysis'!M202/60)),"0") -> 0 | L202: =IFERROR((('Lab Analysis'!N202/18)-('Lab Analysis'!M202/60))/(('Lab Analysis'!L202/44)+('Lab Analysis'!M202/60)),"0") -> 0 | M202: =IFERROR(((2*('Lab Analysis'!U202/60))+('Lab Analysis'!S202/17))/(('Lab Analysis'!T202/44)+('Lab Analysis'!U202/60)),"0") -> 0 | N202: =IFERROR((('Lab Analysis'!V202/18)-('Lab Analysis'!U202/60))/(('Lab Analysis'!T202/44)+('Lab Analysis'!U202/60)),"0") -> 0 | O202: =IFERROR(((2*('Lab Analysis'!Y202/60)+('Lab Analysis'!W202/17))/(('Lab Analysis'!X202/44)+('Lab Analysis'!Y202/60))),"0") -> 0 | P202: =IFERROR((('Lab Analysis'!Z202/18)-('Lab Analysis'!Y202/60))/(('Lab Analysis'!X202/44)+('Lab Analysis'!Y202/60)),"0") -> 0
A203: 46017 | B203: =IFERROR(('Lab Analysis'!#REF!/('Lab Analysis'!#REF!+(1.364*'Lab Analysis'!E203))),"0") -> 0 | C203: =IFERROR((2*'Lab Analysis'!#REF!/60)/('Lab Analysis'!D203/17+(2*'Lab Analysis'!#REF!/60)),"0") -> 0 | D203: =IFERROR(((2*('Lab Analysis'!#REF!/60)+('Lab Analysis'!D203/17))/(('Lab Analysis'!E203/44)+('Lab Analysis'!#REF!/60))),"0") -> 0 | E203: =IFERROR((('Lab Analysis'!F203/18)-('Lab Analysis'!#REF!/60))/(('Lab Analysis'!E203/44)+('Lab Analysis'!#REF!/60)),"0") -> 0 | F203: =IFERROR((('Lab Analysis'!F203/18)/('Lab Analysis'!#REF!/60)),"0") -> 0 | G203: =IFERROR(('Lab Analysis'!I203/('Lab Analysis'!I203+(1.765*'Lab Analysis'!G203))),"0") -> 0 | H203: =IFERROR(((2*('Lab Analysis'!I203/60))+('Lab Analysis'!G203/17))/(('Lab Analysis'!H203/44)+('Lab Analysis'!I203/60)),"0") -> 0 | I203: =IFERROR((('Lab Analysis'!J203/18)-('Lab Analysis'!I203/60))/(('Lab Analysis'!H203/44)+('Lab Analysis'!I203/60)),"0") -> 0 | J203: =IFERROR(('Lab Analysis'!M203/('Lab Analysis'!M203+(1.765*'Lab Analysis'!K203))),"0") -> 0 | K203: =IFERROR(((2*('Lab Analysis'!M203/60))+('Lab Analysis'!K203/17))/(('Lab Analysis'!L203/44)+('Lab Analysis'!M203/60)),"0") -> 0 | L203: =IFERROR((('Lab Analysis'!N203/18)-('Lab Analysis'!M203/60))/(('Lab Analysis'!L203/44)+('Lab Analysis'!M203/60)),"0") -> 0 | M203: =IFERROR(((2*('Lab Analysis'!U203/60))+('Lab Analysis'!S203/17))/(('Lab Analysis'!T203/44)+('Lab Analysis'!U203/60)),"0") -> 0 | N203: =IFERROR((('Lab Analysis'!V203/18)-('Lab Analysis'!U203/60))/(('Lab Analysis'!T203/44)+('Lab Analysis'!U203/60)),"0") -> 0 | O203: =IFERROR(((2*('Lab Analysis'!Y203/60)+('Lab Analysis'!W203/17))/(('Lab Analysis'!X203/44)+('Lab Analysis'!Y203/60))),"0") -> 0 | P203: =IFERROR((('Lab Analysis'!Z203/18)-('Lab Analysis'!Y203/60))/(('Lab Analysis'!X203/44)+('Lab Analysis'!Y203/60)),"0") -> 0
A204: 46018 | B204: =IFERROR(('Lab Analysis'!E204/('Lab Analysis'!E204+(1.364*'Lab Analysis'!D204))),"0") -> 0 | C204: =IFERROR((2*'Lab Analysis'!E204/60)/('Lab Analysis'!C204/17+(2*'Lab Analysis'!E204/60)),"0") -> 0 | D204: =IFERROR(((2*('Lab Analysis'!E204/60)+('Lab Analysis'!C204/17))/(('Lab Analysis'!D204/44)+('Lab Analysis'!E204/60))),"0") -> 0 | E204: =IFERROR((('Lab Analysis'!F204/18)-('Lab Analysis'!E204/60))/(('Lab Analysis'!D204/44)+('Lab Analysis'!E204/60)),"0") -> 0 | F204: =IFERROR((('Lab Analysis'!F204/18)/('Lab Analysis'!E204/60)),"0") -> 0 | G204: =IFERROR(('Lab Analysis'!I204/('Lab Analysis'!I204+(1.765*'Lab Analysis'!G204))),"0") -> 0 | H204: =IFERROR(((2*('Lab Analysis'!I204/60))+('Lab Analysis'!G204/17))/(('Lab Analysis'!H204/44)+('Lab Analysis'!I204/60)),"0") -> 0 | I204: =IFERROR((('Lab Analysis'!J204/18)-('Lab Analysis'!I204/60))/(('Lab Analysis'!H204/44)+('Lab Analysis'!I204/60)),"0") -> 0 | J204: =IFERROR(('Lab Analysis'!M204/('Lab Analysis'!M204+(1.765*'Lab Analysis'!K204))),"0") -> 0 | K204: =IFERROR(((2*('Lab Analysis'!M204/60))+('Lab Analysis'!K204/17))/(('Lab Analysis'!L204/44)+('Lab Analysis'!M204/60)),"0") -> 0 | L204: =IFERROR((('Lab Analysis'!N204/18)-('Lab Analysis'!M204/60))/(('Lab Analysis'!L204/44)+('Lab Analysis'!M204/60)),"0") -> 0 | M204: =IFERROR(((2*('Lab Analysis'!U204/60))+('Lab Analysis'!S204/17))/(('Lab Analysis'!T204/44)+('Lab Analysis'!U204/60)),"0") -> 0 | N204: =IFERROR((('Lab Analysis'!V204/18)-('Lab Analysis'!U204/60))/(('Lab Analysis'!T204/44)+('Lab Analysis'!U204/60)),"0") -> 0 | O204: =IFERROR(((2*('Lab Analysis'!Y204/60)+('Lab Analysis'!W204/17))/(('Lab Analysis'!X204/44)+('Lab Analysis'!Y204/60))),"0") -> 0 | P204: =IFERROR((('Lab Analysis'!Z204/18)-('Lab Analysis'!Y204/60))/(('Lab Analysis'!X204/44)+('Lab Analysis'!Y204/60)),"0") -> 0
A205: 46019 | B205: =IFERROR(('Lab Analysis'!E205/('Lab Analysis'!E205+(1.364*'Lab Analysis'!D205))),"0") -> 0 | C205: =IFERROR((2*'Lab Analysis'!E205/60)/('Lab Analysis'!C205/17+(2*'Lab Analysis'!E205/60)),"0") -> 0 | D205: =IFERROR(((2*('Lab Analysis'!E205/60)+('Lab Analysis'!C205/17))/(('Lab Analysis'!D205/44)+('Lab Analysis'!E205/60))),"0") -> 0 | E205: =IFERROR((('Lab Analysis'!F205/18)-('Lab Analysis'!E205/60))/(('Lab Analysis'!D205/44)+('Lab Analysis'!E205/60)),"0") -> 0 | F205: =IFERROR((('Lab Analysis'!F205/18)/('Lab Analysis'!E205/60)),"0") -> 0 | G205: =IFERROR(('Lab Analysis'!I205/('Lab Analysis'!I205+(1.765*'Lab Analysis'!G205))),"0") -> 0 | H205: =IFERROR(((2*('Lab Analysis'!I205/60))+('Lab Analysis'!G205/17))/(('Lab Analysis'!H205/44)+('Lab Analysis'!I205/60)),"0") -> 0 | I205: =IFERROR((('Lab Analysis'!J205/18)-('Lab Analysis'!I205/60))/(('Lab Analysis'!H205/44)+('Lab Analysis'!I205/60)),"0") -> 0 | J205: =IFERROR(('Lab Analysis'!M205/('Lab Analysis'!M205+(1.765*'Lab Analysis'!K205))),"0") -> 0 | K205: =IFERROR(((2*('Lab Analysis'!M205/60))+('Lab Analysis'!K205/17))/(('Lab Analysis'!L205/44)+('Lab Analysis'!M205/60)),"0") -> 0 | L205: =IFERROR((('Lab Analysis'!N205/18)-('Lab Analysis'!M205/60))/(('Lab Analysis'!L205/44)+('Lab Analysis'!M205/60)),"0") -> 0 | M205: =IFERROR(((2*('Lab Analysis'!U205/60))+('Lab Analysis'!S205/17))/(('Lab Analysis'!T205/44)+('Lab Analysis'!U205/60)),"0") -> 0 | N205: =IFERROR((('Lab Analysis'!V205/18)-('Lab Analysis'!U205/60))/(('Lab Analysis'!T205/44)+('Lab Analysis'!U205/60)),"0") -> 0 | O205: =IFERROR(((2*('Lab Analysis'!Y205/60)+('Lab Analysis'!W205/17))/(('Lab Analysis'!X205/44)+('Lab Analysis'!Y205/60))),"0") -> 0 | P205: =IFERROR((('Lab Analysis'!Z205/18)-('Lab Analysis'!Y205/60))/(('Lab Analysis'!X205/44)+('Lab Analysis'!Y205/60)),"0") -> 0
A206: 46020 | B206: =IFERROR(('Lab Analysis'!E206/('Lab Analysis'!E206+(1.364*'Lab Analysis'!D206))),"0") -> 0 | C206: =IFERROR((2*'Lab Analysis'!E206/60)/('Lab Analysis'!C206/17+(2*'Lab Analysis'!E206/60)),"0") -> 0 | D206: =IFERROR(((2*('Lab Analysis'!E206/60)+('Lab Analysis'!C206/17))/(('Lab Analysis'!D206/44)+('Lab Analysis'!E206/60))),"0") -> 0 | E206: =IFERROR((('Lab Analysis'!F206/18)-('Lab Analysis'!E206/60))/(('Lab Analysis'!D206/44)+('Lab Analysis'!E206/60)),"0") -> 0 | F206: =IFERROR((('Lab Analysis'!F206/18)/('Lab Analysis'!E206/60)),"0") -> 0 | G206: =IFERROR(('Lab Analysis'!I206/('Lab Analysis'!I206+(1.765*'Lab Analysis'!G206))),"0") -> 0 | H206: =IFERROR(((2*('Lab Analysis'!I206/60))+('Lab Analysis'!G206/17))/(('Lab Analysis'!H206/44)+('Lab Analysis'!I206/60)),"0") -> 0 | I206: =IFERROR((('Lab Analysis'!J206/18)-('Lab Analysis'!I206/60))/(('Lab Analysis'!H206/44)+('Lab Analysis'!I206/60)),"0") -> 0 | J206: =IFERROR(('Lab Analysis'!M206/('Lab Analysis'!M206+(1.765*'Lab Analysis'!K206))),"0") -> 0 | K206: =IFERROR(((2*('Lab Analysis'!M206/60))+('Lab Analysis'!K206/17))/(('Lab Analysis'!L206/44)+('Lab Analysis'!M206/60)),"0") -> 0 | L206: =IFERROR((('Lab Analysis'!N206/18)-('Lab Analysis'!M206/60))/(('Lab Analysis'!L206/44)+('Lab Analysis'!M206/60)),"0") -> 0 | M206: =IFERROR(((2*('Lab Analysis'!U206/60))+('Lab Analysis'!S206/17))/(('Lab Analysis'!T206/44)+('Lab Analysis'!U206/60)),"0") -> 0 | N206: =IFERROR((('Lab Analysis'!V206/18)-('Lab Analysis'!U206/60))/(('Lab Analysis'!T206/44)+('Lab Analysis'!U206/60)),"0") -> 0 | O206: =IFERROR(((2*('Lab Analysis'!Y206/60)+('Lab Analysis'!W206/17))/(('Lab Analysis'!X206/44)+('Lab Analysis'!Y206/60))),"0") -> 0 | P206: =IFERROR((('Lab Analysis'!Z206/18)-('Lab Analysis'!Y206/60))/(('Lab Analysis'!X206/44)+('Lab Analysis'!Y206/60)),"0") -> 0
A207: 46021 | B207: =IFERROR(('Lab Analysis'!E207/('Lab Analysis'!E207+(1.364*'Lab Analysis'!D207))),"0") -> 0 | C207: =IFERROR((2*'Lab Analysis'!E207/60)/('Lab Analysis'!C207/17+(2*'Lab Analysis'!E207/60)),"0") -> 0 | D207: =IFERROR(((2*('Lab Analysis'!E207/60)+('Lab Analysis'!C207/17))/(('Lab Analysis'!D207/44)+('Lab Analysis'!E207/60))),"0") -> 0 | E207: =IFERROR((('Lab Analysis'!F207/18)-('Lab Analysis'!E207/60))/(('Lab Analysis'!D207/44)+('Lab Analysis'!E207/60)),"0") -> 0 | F207: =IFERROR((('Lab Analysis'!F207/18)/('Lab Analysis'!E207/60)),"0") -> 0 | G207: =IFERROR(('Lab Analysis'!I207/('Lab Analysis'!I207+(1.765*'Lab Analysis'!G207))),"0") -> 0 | H207: =IFERROR(((2*('Lab Analysis'!I207/60))+('Lab Analysis'!G207/17))/(('Lab Analysis'!H207/44)+('Lab Analysis'!I207/60)),"0") -> 0 | I207: =IFERROR((('Lab Analysis'!J207/18)-('Lab Analysis'!I207/60))/(('Lab Analysis'!H207/44)+('Lab Analysis'!I207/60)),"0") -> 0 | J207: =IFERROR(('Lab Analysis'!M207/('Lab Analysis'!M207+(1.765*'Lab Analysis'!K207))),"0") -> 0 | K207: =IFERROR(((2*('Lab Analysis'!M207/60))+('Lab Analysis'!K207/17))/(('Lab Analysis'!L207/44)+('Lab Analysis'!M207/60)),"0") -> 0 | L207: =IFERROR((('Lab Analysis'!N207/18)-('Lab Analysis'!M207/60))/(('Lab Analysis'!L207/44)+('Lab Analysis'!M207/60)),"0") -> 0 | M207: =IFERROR(((2*('Lab Analysis'!U207/60))+('Lab Analysis'!S207/17))/(('Lab Analysis'!T207/44)+('Lab Analysis'!U207/60)),"0") -> 0 | N207: =IFERROR((('Lab Analysis'!V207/18)-('Lab Analysis'!U207/60))/(('Lab Analysis'!T207/44)+('Lab Analysis'!U207/60)),"0") -> 0 | O207: =IFERROR(((2*('Lab Analysis'!Y207/60)+('Lab Analysis'!W207/17))/(('Lab Analysis'!X207/44)+('Lab Analysis'!Y207/60))),"0") -> 0 | P207: =IFERROR((('Lab Analysis'!Z207/18)-('Lab Analysis'!Y207/60))/(('Lab Analysis'!X207/44)+('Lab Analysis'!Y207/60)),"0") -> 0
A208: 46022 | B208: =IFERROR(('Lab Analysis'!E208/('Lab Analysis'!E208+(1.364*'Lab Analysis'!D208))),"0") -> 0 | C208: =IFERROR((2*'Lab Analysis'!E208/60)/('Lab Analysis'!C208/17+(2*'Lab Analysis'!E208/60)),"0") -> 0 | D208: =IFERROR(((2*('Lab Analysis'!E208/60)+('Lab Analysis'!C208/17))/(('Lab Analysis'!D208/44)+('Lab Analysis'!E208/60))),"0") -> 0 | E208: =IFERROR((('Lab Analysis'!F208/18)-('Lab Analysis'!E208/60))/(('Lab Analysis'!D208/44)+('Lab Analysis'!E208/60)),"0") -> 0 | F208: =IFERROR((('Lab Analysis'!F208/18)/('Lab Analysis'!E208/60)),"0") -> 0 | G208: =IFERROR(('Lab Analysis'!I208/('Lab Analysis'!I208+(1.765*'Lab Analysis'!G208))),"0") -> 0 | H208: =IFERROR(((2*('Lab Analysis'!I208/60))+('Lab Analysis'!G208/17))/(('Lab Analysis'!H208/44)+('Lab Analysis'!I208/60)),"0") -> 0 | I208: =IFERROR((('Lab Analysis'!J208/18)-('Lab Analysis'!I208/60))/(('Lab Analysis'!H208/44)+('Lab Analysis'!I208/60)),"0") -> 0 | J208: =IFERROR(('Lab Analysis'!M208/('Lab Analysis'!M208+(1.765*'Lab Analysis'!K208))),"0") -> 0 | K208: =IFERROR(((2*('Lab Analysis'!M208/60))+('Lab Analysis'!K208/17))/(('Lab Analysis'!L208/44)+('Lab Analysis'!M208/60)),"0") -> 0 | L208: =IFERROR((('Lab Analysis'!N208/18)-('Lab Analysis'!M208/60))/(('Lab Analysis'!L208/44)+('Lab Analysis'!M208/60)),"0") -> 0 | M208: =IFERROR(((2*('Lab Analysis'!U208/60))+('Lab Analysis'!S208/17))/(('Lab Analysis'!T208/44)+('Lab Analysis'!U208/60)),"0") -> 0 | N208: =IFERROR((('Lab Analysis'!V208/18)-('Lab Analysis'!U208/60))/(('Lab Analysis'!T208/44)+('Lab Analysis'!U208/60)),"0") -> 0 | O208: =IFERROR(((2*('Lab Analysis'!Y208/60)+('Lab Analysis'!W208/17))/(('Lab Analysis'!X208/44)+('Lab Analysis'!Y208/60))),"0") -> 0 | P208: =IFERROR((('Lab Analysis'!Z208/18)-('Lab Analysis'!Y208/60))/(('Lab Analysis'!X208/44)+('Lab Analysis'!Y208/60)),"0") -> 0
A209: 46023 | B209: =IFERROR(('Lab Analysis'!E209/('Lab Analysis'!E209+(1.364*'Lab Analysis'!D209))),"0") -> 0 | C209: =IFERROR((2*'Lab Analysis'!E209/60)/('Lab Analysis'!C209/17+(2*'Lab Analysis'!E209/60)),"0") -> 0 | D209: =IFERROR(((2*('Lab Analysis'!E209/60)+('Lab Analysis'!C209/17))/(('Lab Analysis'!D209/44)+('Lab Analysis'!E209/60))),"0") -> 0 | E209: =IFERROR((('Lab Analysis'!F209/18)-('Lab Analysis'!E209/60))/(('Lab Analysis'!D209/44)+('Lab Analysis'!E209/60)),"0") -> 0 | F209: =IFERROR((('Lab Analysis'!F209/18)/('Lab Analysis'!E209/60)),"0") -> 0 | G209: =IFERROR(('Lab Analysis'!I209/('Lab Analysis'!I209+(1.765*'Lab Analysis'!G209))),"0") -> 0 | H209: =IFERROR(((2*('Lab Analysis'!I209/60))+('Lab Analysis'!G209/17))/(('Lab Analysis'!H209/44)+('Lab Analysis'!I209/60)),"0") -> 0 | I209: =IFERROR((('Lab Analysis'!J209/18)-('Lab Analysis'!I209/60))/(('Lab Analysis'!H209/44)+('Lab Analysis'!I209/60)),"0") -> 0 | J209: =IFERROR(('Lab Analysis'!M209/('Lab Analysis'!M209+(1.765*'Lab Analysis'!K209))),"0") -> 0 | K209: =IFERROR(((2*('Lab Analysis'!M209/60))+('Lab Analysis'!K209/17))/(('Lab Analysis'!L209/44)+('Lab Analysis'!M209/60)),"0") -> 0 | L209: =IFERROR((('Lab Analysis'!N209/18)-('Lab Analysis'!M209/60))/(('Lab Analysis'!L209/44)+('Lab Analysis'!M209/60)),"0") -> 0 | M209: =IFERROR(((2*('Lab Analysis'!U209/60))+('Lab Analysis'!S209/17))/(('Lab Analysis'!T209/44)+('Lab Analysis'!U209/60)),"0") -> 0 | N209: =IFERROR((('Lab Analysis'!V209/18)-('Lab Analysis'!U209/60))/(('Lab Analysis'!T209/44)+('Lab Analysis'!U209/60)),"0") -> 0 | O209: =IFERROR(((2*('Lab Analysis'!Y209/60)+('Lab Analysis'!W209/17))/(('Lab Analysis'!X209/44)+('Lab Analysis'!Y209/60))),"0") -> 0 | P209: =IFERROR((('Lab Analysis'!Z209/18)-('Lab Analysis'!Y209/60))/(('Lab Analysis'!X209/44)+('Lab Analysis'!Y209/60)),"0") -> 0
A210: 46024 | B210: =IFERROR(('Lab Analysis'!E210/('Lab Analysis'!E210+(1.364*'Lab Analysis'!D210))),"0") -> 0 | C210: =IFERROR((2*'Lab Analysis'!E210/60)/('Lab Analysis'!C210/17+(2*'Lab Analysis'!E210/60)),"0") -> 0 | D210: =IFERROR(((2*('Lab Analysis'!E210/60)+('Lab Analysis'!C210/17))/(('Lab Analysis'!D210/44)+('Lab Analysis'!E210/60))),"0") -> 0 | E210: =IFERROR((('Lab Analysis'!F210/18)-('Lab Analysis'!E210/60))/(('Lab Analysis'!D210/44)+('Lab Analysis'!E210/60)),"0") -> 0 | F210: =IFERROR((('Lab Analysis'!F210/18)/('Lab Analysis'!E210/60)),"0") -> 0 | G210: =IFERROR(('Lab Analysis'!I210/('Lab Analysis'!I210+(1.765*'Lab Analysis'!G210))),"0") -> 0 | H210: =IFERROR(((2*('Lab Analysis'!I210/60))+('Lab Analysis'!G210/17))/(('Lab Analysis'!H210/44)+('Lab Analysis'!I210/60)),"0") -> 0 | I210: =IFERROR((('Lab Analysis'!J210/18)-('Lab Analysis'!I210/60))/(('Lab Analysis'!H210/44)+('Lab Analysis'!I210/60)),"0") -> 0 | J210: =IFERROR(('Lab Analysis'!M210/('Lab Analysis'!M210+(1.765*'Lab Analysis'!K210))),"0") -> 0 | K210: =IFERROR(((2*('Lab Analysis'!M210/60))+('Lab Analysis'!K210/17))/(('Lab Analysis'!L210/44)+('Lab Analysis'!M210/60)),"0") -> 0 | L210: =IFERROR((('Lab Analysis'!N210/18)-('Lab Analysis'!M210/60))/(('Lab Analysis'!L210/44)+('Lab Analysis'!M210/60)),"0") -> 0 | M210: =IFERROR(((2*('Lab Analysis'!U210/60))+('Lab Analysis'!S210/17))/(('Lab Analysis'!T210/44)+('Lab Analysis'!U210/60)),"0") -> 0 | N210: =IFERROR((('Lab Analysis'!V210/18)-('Lab Analysis'!U210/60))/(('Lab Analysis'!T210/44)+('Lab Analysis'!U210/60)),"0") -> 0 | O210: =IFERROR(((2*('Lab Analysis'!Y210/60)+('Lab Analysis'!W210/17))/(('Lab Analysis'!X210/44)+('Lab Analysis'!Y210/60))),"0") -> 0 | P210: =IFERROR((('Lab Analysis'!Z210/18)-('Lab Analysis'!Y210/60))/(('Lab Analysis'!X210/44)+('Lab Analysis'!Y210/60)),"0") -> 0
A211: 46025 | B211: =IFERROR(('Lab Analysis'!E211/('Lab Analysis'!E211+(1.364*'Lab Analysis'!D211))),"0") -> 0 | C211: =IFERROR((2*'Lab Analysis'!E211/60)/('Lab Analysis'!C211/17+(2*'Lab Analysis'!E211/60)),"0") -> 0 | D211: =IFERROR(((2*('Lab Analysis'!E211/60)+('Lab Analysis'!C211/17))/(('Lab Analysis'!D211/44)+('Lab Analysis'!E211/60))),"0") -> 0 | E211: =IFERROR((('Lab Analysis'!F211/18)-('Lab Analysis'!E211/60))/(('Lab Analysis'!D211/44)+('Lab Analysis'!E211/60)),"0") -> 0 | F211: =IFERROR((('Lab Analysis'!F211/18)/('Lab Analysis'!E211/60)),"0") -> 0 | G211: =IFERROR(('Lab Analysis'!I211/('Lab Analysis'!I211+(1.765*'Lab Analysis'!G211))),"0") -> 0 | H211: =IFERROR(((2*('Lab Analysis'!I211/60))+('Lab Analysis'!G211/17))/(('Lab Analysis'!H211/44)+('Lab Analysis'!I211/60)),"0") -> 0 | I211: =IFERROR((('Lab Analysis'!J211/18)-('Lab Analysis'!I211/60))/(('Lab Analysis'!H211/44)+('Lab Analysis'!I211/60)),"0") -> 0 | J211: =IFERROR(('Lab Analysis'!M211/('Lab Analysis'!M211+(1.765*'Lab Analysis'!K211))),"0") -> 0 | K211: =IFERROR(((2*('Lab Analysis'!M211/60))+('Lab Analysis'!K211/17))/(('Lab Analysis'!L211/44)+('Lab Analysis'!M211/60)),"0") -> 0 | L211: =IFERROR((('Lab Analysis'!N211/18)-('Lab Analysis'!M211/60))/(('Lab Analysis'!L211/44)+('Lab Analysis'!M211/60)),"0") -> 0 | M211: =IFERROR(((2*('Lab Analysis'!U211/60))+('Lab Analysis'!S211/17))/(('Lab Analysis'!T211/44)+('Lab Analysis'!U211/60)),"0") -> 0 | N211: =IFERROR((('Lab Analysis'!V211/18)-('Lab Analysis'!U211/60))/(('Lab Analysis'!T211/44)+('Lab Analysis'!U211/60)),"0") -> 0 | O211: =IFERROR(((2*('Lab Analysis'!Y211/60)+('Lab Analysis'!W211/17))/(('Lab Analysis'!X211/44)+('Lab Analysis'!Y211/60))),"0") -> 0 | P211: =IFERROR((('Lab Analysis'!Z211/18)-('Lab Analysis'!Y211/60))/(('Lab Analysis'!X211/44)+('Lab Analysis'!Y211/60)),"0") -> 0
A212: 46026 | B212: =IFERROR(('Lab Analysis'!E212/('Lab Analysis'!E212+(1.364*'Lab Analysis'!D212))),"0") -> 0 | C212: =IFERROR((2*'Lab Analysis'!E212/60)/('Lab Analysis'!C212/17+(2*'Lab Analysis'!E212/60)),"0") -> 0 | D212: =IFERROR(((2*('Lab Analysis'!E212/60)+('Lab Analysis'!C212/17))/(('Lab Analysis'!D212/44)+('Lab Analysis'!E212/60))),"0") -> 0 | E212: =IFERROR((('Lab Analysis'!F212/18)-('Lab Analysis'!E212/60))/(('Lab Analysis'!D212/44)+('Lab Analysis'!E212/60)),"0") -> 0 | F212: =IFERROR((('Lab Analysis'!F212/18)/('Lab Analysis'!E212/60)),"0") -> 0 | G212: =IFERROR(('Lab Analysis'!I212/('Lab Analysis'!I212+(1.765*'Lab Analysis'!G212))),"0") -> 0 | H212: =IFERROR(((2*('Lab Analysis'!I212/60))+('Lab Analysis'!G212/17))/(('Lab Analysis'!H212/44)+('Lab Analysis'!I212/60)),"0") -> 0 | I212: =IFERROR((('Lab Analysis'!J212/18)-('Lab Analysis'!I212/60))/(('Lab Analysis'!H212/44)+('Lab Analysis'!I212/60)),"0") -> 0 | J212: =IFERROR(('Lab Analysis'!M212/('Lab Analysis'!M212+(1.765*'Lab Analysis'!K212))),"0") -> 0 | K212: =IFERROR(((2*('Lab Analysis'!M212/60))+('Lab Analysis'!K212/17))/(('Lab Analysis'!L212/44)+('Lab Analysis'!M212/60)),"0") -> 0 | L212: =IFERROR((('Lab Analysis'!N212/18)-('Lab Analysis'!M212/60))/(('Lab Analysis'!L212/44)+('Lab Analysis'!M212/60)),"0") -> 0 | M212: =IFERROR(((2*('Lab Analysis'!U212/60))+('Lab Analysis'!S212/17))/(('Lab Analysis'!T212/44)+('Lab Analysis'!U212/60)),"0") -> 0 | N212: =IFERROR((('Lab Analysis'!V212/18)-('Lab Analysis'!U212/60))/(('Lab Analysis'!T212/44)+('Lab Analysis'!U212/60)),"0") -> 0 | O212: =IFERROR(((2*('Lab Analysis'!Y212/60)+('Lab Analysis'!W212/17))/(('Lab Analysis'!X212/44)+('Lab Analysis'!Y212/60))),"0") -> 0 | P212: =IFERROR((('Lab Analysis'!Z212/18)-('Lab Analysis'!Y212/60))/(('Lab Analysis'!X212/44)+('Lab Analysis'!Y212/60)),"0") -> 0
A213: 46027 | B213: =IFERROR(('Lab Analysis'!E213/('Lab Analysis'!E213+(1.364*'Lab Analysis'!D213))),"0") -> 0 | C213: =IFERROR((2*'Lab Analysis'!E213/60)/('Lab Analysis'!C213/17+(2*'Lab Analysis'!E213/60)),"0") -> 0 | D213: =IFERROR(((2*('Lab Analysis'!E213/60)+('Lab Analysis'!C213/17))/(('Lab Analysis'!D213/44)+('Lab Analysis'!E213/60))),"0") -> 0 | E213: =IFERROR((('Lab Analysis'!F213/18)-('Lab Analysis'!E213/60))/(('Lab Analysis'!D213/44)+('Lab Analysis'!E213/60)),"0") -> 0 | F213: =IFERROR((('Lab Analysis'!F213/18)/('Lab Analysis'!E213/60)),"0") -> 0 | G213: =IFERROR(('Lab Analysis'!I213/('Lab Analysis'!I213+(1.765*'Lab Analysis'!G213))),"0") -> 0 | H213: =IFERROR(((2*('Lab Analysis'!I213/60))+('Lab Analysis'!G213/17))/(('Lab Analysis'!H213/44)+('Lab Analysis'!I213/60)),"0") -> 0 | I213: =IFERROR((('Lab Analysis'!J213/18)-('Lab Analysis'!I213/60))/(('Lab Analysis'!H213/44)+('Lab Analysis'!I213/60)),"0") -> 0 | J213: =IFERROR(('Lab Analysis'!M213/('Lab Analysis'!M213+(1.765*'Lab Analysis'!K213))),"0") -> 0 | K213: =IFERROR(((2*('Lab Analysis'!M213/60))+('Lab Analysis'!K213/17))/(('Lab Analysis'!L213/44)+('Lab Analysis'!M213/60)),"0") -> 0 | L213: =IFERROR((('Lab Analysis'!N213/18)-('Lab Analysis'!M213/60))/(('Lab Analysis'!L213/44)+('Lab Analysis'!M213/60)),"0") -> 0 | M213: =IFERROR(((2*('Lab Analysis'!U213/60))+('Lab Analysis'!S213/17))/(('Lab Analysis'!T213/44)+('Lab Analysis'!U213/60)),"0") -> 0 | N213: =IFERROR((('Lab Analysis'!V213/18)-('Lab Analysis'!U213/60))/(('Lab Analysis'!T213/44)+('Lab Analysis'!U213/60)),"0") -> 0 | O213: =IFERROR(((2*('Lab Analysis'!Y213/60)+('Lab Analysis'!W213/17))/(('Lab Analysis'!X213/44)+('Lab Analysis'!Y213/60))),"0") -> 0 | P213: =IFERROR((('Lab Analysis'!Z213/18)-('Lab Analysis'!Y213/60))/(('Lab Analysis'!X213/44)+('Lab Analysis'!Y213/60)),"0") -> 0
A214: 46028 | B214: =IFERROR(('Lab Analysis'!E214/('Lab Analysis'!E214+(1.364*'Lab Analysis'!D214))),"0") -> 0 | C214: =IFERROR((2*'Lab Analysis'!E214/60)/('Lab Analysis'!C214/17+(2*'Lab Analysis'!E214/60)),"0") -> 0 | D214: =IFERROR(((2*('Lab Analysis'!E214/60)+('Lab Analysis'!C214/17))/(('Lab Analysis'!D214/44)+('Lab Analysis'!E214/60))),"0") -> 0 | E214: =IFERROR((('Lab Analysis'!F214/18)-('Lab Analysis'!E214/60))/(('Lab Analysis'!D214/44)+('Lab Analysis'!E214/60)),"0") -> 0 | F214: =IFERROR((('Lab Analysis'!F214/18)/('Lab Analysis'!E214/60)),"0") -> 0 | G214: =IFERROR(('Lab Analysis'!I214/('Lab Analysis'!I214+(1.765*'Lab Analysis'!G214))),"0") -> 0 | H214: =IFERROR(((2*('Lab Analysis'!I214/60))+('Lab Analysis'!G214/17))/(('Lab Analysis'!H214/44)+('Lab Analysis'!I214/60)),"0") -> 0 | I214: =IFERROR((('Lab Analysis'!J214/18)-('Lab Analysis'!I214/60))/(('Lab Analysis'!H214/44)+('Lab Analysis'!I214/60)),"0") -> 0 | J214: =IFERROR(('Lab Analysis'!M214/('Lab Analysis'!M214+(1.765*'Lab Analysis'!K214))),"0") -> 0 | K214: =IFERROR(((2*('Lab Analysis'!M214/60))+('Lab Analysis'!K214/17))/(('Lab Analysis'!L214/44)+('Lab Analysis'!M214/60)),"0") -> 0 | L214: =IFERROR((('Lab Analysis'!N214/18)-('Lab Analysis'!M214/60))/(('Lab Analysis'!L214/44)+('Lab Analysis'!M214/60)),"0") -> 0 | M214: =IFERROR(((2*('Lab Analysis'!U214/60))+('Lab Analysis'!S214/17))/(('Lab Analysis'!T214/44)+('Lab Analysis'!U214/60)),"0") -> 0 | N214: =IFERROR((('Lab Analysis'!V214/18)-('Lab Analysis'!U214/60))/(('Lab Analysis'!T214/44)+('Lab Analysis'!U214/60)),"0") -> 0 | O214: =IFERROR(((2*('Lab Analysis'!Y214/60)+('Lab Analysis'!W214/17))/(('Lab Analysis'!X214/44)+('Lab Analysis'!Y214/60))),"0") -> 0 | P214: =IFERROR((('Lab Analysis'!Z214/18)-('Lab Analysis'!Y214/60))/(('Lab Analysis'!X214/44)+('Lab Analysis'!Y214/60)),"0") -> 0
A215: 46029 | B215: =IFERROR(('Lab Analysis'!E215/('Lab Analysis'!E215+(1.364*'Lab Analysis'!D215))),"0") -> 0 | C215: =IFERROR((2*'Lab Analysis'!E215/60)/('Lab Analysis'!C215/17+(2*'Lab Analysis'!E215/60)),"0") -> 0 | D215: =IFERROR(((2*('Lab Analysis'!E215/60)+('Lab Analysis'!C215/17))/(('Lab Analysis'!D215/44)+('Lab Analysis'!E215/60))),"0") -> 0 | E215: =IFERROR((('Lab Analysis'!F215/18)-('Lab Analysis'!E215/60))/(('Lab Analysis'!D215/44)+('Lab Analysis'!E215/60)),"0") -> 0 | F215: =IFERROR((('Lab Analysis'!F215/18)/('Lab Analysis'!E215/60)),"0") -> 0 | G215: =IFERROR(('Lab Analysis'!I215/('Lab Analysis'!I215+(1.765*'Lab Analysis'!G215))),"0") -> 0 | H215: =IFERROR(((2*('Lab Analysis'!I215/60))+('Lab Analysis'!G215/17))/(('Lab Analysis'!H215/44)+('Lab Analysis'!I215/60)),"0") -> 0 | I215: =IFERROR((('Lab Analysis'!J215/18)-('Lab Analysis'!I215/60))/(('Lab Analysis'!H215/44)+('Lab Analysis'!I215/60)),"0") -> 0 | J215: =IFERROR(('Lab Analysis'!M215/('Lab Analysis'!M215+(1.765*'Lab Analysis'!K215))),"0") -> 0 | K215: =IFERROR(((2*('Lab Analysis'!M215/60))+('Lab Analysis'!K215/17))/(('Lab Analysis'!L215/44)+('Lab Analysis'!M215/60)),"0") -> 0 | L215: =IFERROR((('Lab Analysis'!N215/18)-('Lab Analysis'!M215/60))/(('Lab Analysis'!L215/44)+('Lab Analysis'!M215/60)),"0") -> 0 | M215: =IFERROR(((2*('Lab Analysis'!U215/60))+('Lab Analysis'!S215/17))/(('Lab Analysis'!T215/44)+('Lab Analysis'!U215/60)),"0") -> 0 | N215: =IFERROR((('Lab Analysis'!V215/18)-('Lab Analysis'!U215/60))/(('Lab Analysis'!T215/44)+('Lab Analysis'!U215/60)),"0") -> 0 | O215: =IFERROR(((2*('Lab Analysis'!Y215/60)+('Lab Analysis'!W215/17))/(('Lab Analysis'!X215/44)+('Lab Analysis'!Y215/60))),"0") -> 0 | P215: =IFERROR((('Lab Analysis'!Z215/18)-('Lab Analysis'!Y215/60))/(('Lab Analysis'!X215/44)+('Lab Analysis'!Y215/60)),"0") -> 0
... A685: 46499 | B685: =IFERROR(('Lab Analysis'!E685/('Lab Analysis'!E685+(1.364*'Lab Analysis'!D685))),"0") -> 0 | C685: =IFERROR((2*'Lab Analysis'!E685/60)/('Lab Analysis'!C685/17+(2*'Lab Analysis'!E685/60)),"0") -> 0 | D685: =IFERROR(((2*('Lab Analysis'!E685/60)+('Lab Analysis'!C685/17))/(('Lab Analysis'!D685/44)+('Lab Analysis'!E685/60))),"0") -> 0 | E685: =IFERROR((('Lab Analysis'!F685/18)-('Lab Analysis'!E685/60))/(('Lab Analysis'!D685/44)+('Lab Analysis'!E685/60)),"0") -> 0 | F685: =IFERROR((('Lab Analysis'!F685/18)/('Lab Analysis'!E685/60)),"0") -> 0 | G685: =IFERROR(('Lab Analysis'!I685/('Lab Analysis'!I685+(1.765*'Lab Analysis'!G685))),"0") -> 0 | H685: =IFERROR(((2*('Lab Analysis'!I685/60))+('Lab Analysis'!G685/17))/(('Lab Analysis'!H685/44)+('Lab Analysis'!I685/60)),"0") -> 0 | I685: =IFERROR((('Lab Analysis'!J685/18)-('Lab Analysis'!I685/60))/(('Lab Analysis'!H685/44)+('Lab Analysis'!I685/60)),"0") -> 0 | J685: =IFERROR(('Lab Analysis'!M685/('Lab Analysis'!M685+(1.765*'Lab Analysis'!K685))),"0") -> 0 | K685: =IFERROR(((2*('Lab Analysis'!M685/60))+('Lab Analysis'!K685/17))/(('Lab Analysis'!L685/44)+('Lab Analysis'!M685/60)),"0") -> 0 | L685: =IFERROR((('Lab Analysis'!N685/18)-('Lab Analysis'!M685/60))/(('Lab Analysis'!L685/44)+('Lab Analysis'!M685/60)),"0") -> 0 | M685: =IFERROR(((2*('Lab Analysis'!U685/60))+('Lab Analysis'!S685/17))/(('Lab Analysis'!T685/44)+('Lab Analysis'!U685/60)),"0") -> 0 | N685: =IFERROR((('Lab Analysis'!V685/18)-('Lab Analysis'!U685/60))/(('Lab Analysis'!T685/44)+('Lab Analysis'!U685/60)),"0") -> 0 | O685: =IFERROR(((2*('Lab Analysis'!Y685/60)+('Lab Analysis'!W685/17))/(('Lab Analysis'!X685/44)+('Lab Analysis'!Y685/60))),"0") -> 0 | P685: =IFERROR((('Lab Analysis'!Z685/18)-('Lab Analysis'!Y685/60))/(('Lab Analysis'!X685/44)+('Lab Analysis'!Y685/60)),"0") -> 0

Sheet Dashboard
A1: REACTOR
A36: STRIPPER
A70: HPD
A104: HPA
A126: LPA

Sheet Product Analysis
A1: LAB ANALYSIS - UREA AGL
A2: PRODUCT ANALYSIS
A3: Date | B3: Shift | C3: LOAD | D3: Temp °C | E3: T. N2 % 46.40 | F3: H2O % 0.30 | G3: F.NH3 150 ppm | H3: Biuret % 0.90 | I3: >2.8 mm | J3: 2.36~2.8 mm | K3: 2~2.36 mm | L3: 1.7~2 mm | M3: 1.41~1.7 mm | N3: 1~1.41 mm | O3: 0.85~1 mm | P3: 0.6~0.85 mm | Q3: <0.6 mm | R3: Fines % | S3: APS mm | T3: Remarks
A4: 45819 | B4: Morning Shift
B5: Evening Shift
B6: Night Shift
A7: 45820 | B7: Morning Shift
B8: Evening Shift
B9: Night Shift
A10: 45821 | B10: Morning Shift
B11: Evening Shift
B12: Night Shift
A13: 45822 | B13: Morning Shift
B14: Evening Shift
B15: Night Shift
A16: 45823 | B16: Morning Shift
B17: Evening Shift
B18: Night Shift
A19: 45824 | B19: Morning Shift
B20: Evening Shift
B21: Night Shift
A22: 45825 | B22: Morning Shift
B23: Evening Shift
B24: Night Shift
A25: 45826 | B25: Morning Shift
B26: Evening Shift
B27: Night Shift
A28: 45827 | B28: Morning Shift
B29: Evening Shift
B30: Night Shift
A31: 45828 | B31: Morning Shift
B32: Evening Shift
B33: Night Shift
A34: 45829 | B34: Morning Shift
B35: Evening Shift
B36: Night Shift
A37: 45830 | B37: Morning Shift
B38: Evening Shift
B39: Night Shift
A40: 45831 | B40: Morning Shift
B41: Evening Shift
B42: Night Shift
A43: 45832 | B43: Morning Shift
B44: Evening Shift
B45: Night Shift
A46: 45833 | B46: Morning Shift
B47: Evening Shift
B48: Night Shift
A49: 45834 | B49: Morning Shift
B50: Evening Shift
B51: Night Shift
A52: 45835 | B52: Morning Shift
B53: Evening Shift
B54: Night Shift
A55: 45836 | B55: Morning Shift
B56: Evening Shift
B57: Night Shift
A58: 45837 | B58: Morning Shift
B59: Evening Shift
B60: Night Shift
A61: 45838 | B61: Morning Shift
B62: Evening Shift
B63: Night Shift
A64: 45839 | B64: Morning Shift
B65: Evening Shift
B66: Night Shift
A67: 45840 | B67: Morning Shift
B68: Evening Shift
B69: Night Shift
A70: 45841 | B70: Morning Shift
B71: Evening Shift
B72: Night Shift
A73: 45842 | B73: Morning Shift
B74: Evening Shift
B75: Night Shift
A76: 45843 | B76: Morning Shift
B77: Evening Shift
B78: Night Shift
A79: 45844 | B79: Morning Shift
B80: Evening Shift
B81: Night Shift
A82: 45845 | B82: Morning Shift
B83: Evening Shift
B84: Night Shift
A85: 45846 | B85: Morning Shift
B86: Evening Shift
B87: Night Shift
A88: 45847 | B88: Morning Shift
B89: Evening Shift
B90: Night Shift
A91: 45848 | B91: Morning Shift
B92: Evening Shift
B93: Night Shift
A94: 45849 | B94: Morning Shift
B95: Evening Shift
B96: Night Shift
A97: 45850 | B97: Morning Shift
B98: Evening Shift
B99: Night Shift
A100: 45851 | B100: Morning Shift
...

Sheet PQ Trends
A1: UREA PRODUCT QUALITY TREND
A2: Date | B2: Prod. | C2: Load | D2: Moisture % | E2: Biuret % | F2: Fines % | G2: APS mm | H2: Amb Temp. | I2: RH % | J2: Amb Min Temp °C | K2: Amb Max Temp °C | L2: Remarks
A3: 45800 | B3: 1142 | C3: =(B3/1050)*100 -> 108.7619 | D3: 0.39 | E3: 0.92 | F3: 0.6 | G3: 1.89 | H3: 45 | I3: 50
A4: 45801 | B4: 1135 | C4: =(B4/1050)*100 -> 108.09524 | D4: 0.41 | E4: 0.89 | F4: 0.4 | G4: 1.89 | H4: 43 | I4: 46
A5: 45802 | B5: 1149 | C5: =(B5/1050)*100 -> 109.42857 | D5: 0.37 | E5: 0.89 | F5: 0.4 | G5: 1.88 | H5: 38.5 | I5: 54
A6: 45803 | B6: 1144 | C6: =(B6/1050)*100 -> 108.95238 | D6: 0.38 | E6: 0.9 | F6: 0.6 | G6: 1.88 | H6: 41.8 | I6: 52
A7: 45804 | B7: 1135 | C7: =(B7/1050)*100 -> 108.09524 | D7: 0.37 | E7: 0.91 | F7: 0.6 | G7: 1.89 | H7: 42.2 | I7: 52
A8: 45805 | B8: 1137 | C8: =(B8/1050)*100 -> 108.28571 | D8: 0.37 | E8: 0.9 | F8: 0.5 | G8: 1.89 | H8: 42.2 | I8: 53
A9: 45806 | B9: 1146 | C9: =(B9/1050)*100 -> 109.14286 | D9: 0.36 | E9: 0.92 | F9: 0.3 | G9: 1.91 | H9: 44 | I9: 53
A10: 45807 | B10: 1155 | C10: =(B10/1050)*100 -> 110 | D10: 0.35 | E10: 0.92 | F10: 0.4 | G10: 1.92 | H10: 41 | I10: 54
A11: 45808 | B11: 1148 | C11: =(B11/1050)*100 -> 109.33333 | D11: 0.35 | E11: 0.91 | F11: 0.4 | G11: 1.92 | H11: 36 | I11: 48
A12: 45809 | B12: 1149 | C12: =(B12/1050)*100 -> 109.42857 | D12: 0.33 | E12: 0.92 | F12: 0.5 | G12: 1.93 | H12: 40.3 | I12: 71
A13: 45810 | B13: 1148 | C13: =(B13/1050)*100 -> 109.33333 | D13: 0.31 | E13: 0.9 | F13: 0.5 | G13: 1.96 | H13: 41.2 | I13: 46
A14: 45811 | B14: 1141 | C14: =(B14/1050)*100 -> 108.66667 | D14: 0.3 | E14: 0.92 | F14: 0.3 | G14: 1.95 | H14: 35.4 | I14: 46
... A31: 45828 | B31: 1109 | C31: =(B31/1050)*100 -> 105.61905 | D31: 0.42 | E31: 0.96 | F31: 0.43 | G31: 1.97 | H31: 45 | I31: 46
A32: 45829 | B32: 953 | C32: =(B32/1050)*100 -> 90.761905 | D32: 0.42 | E32: 0.95 | F32: 0.6 | G32: 1.96 | H32: 44 | I32: 46 | L32: Load reduced due to CO2 Compressor UGB101 high bearing temp
A33: 45830 | B33: 781 | C33: =(B33/1050)*100 -> 74.380952 | D33: 0.43 | E33: 0.94 | F33: 0.43 | G33: 1.95 | H33: 36 | I33: 79 | L33: Plant shut down due to HPA bottom shell side pinhole leakage
A34: 45831 | B34: 1130 | C34: =(B34/1050)*100 -> 107.61905 | D34: 0.42 | E34: 0.95 | F34: 0.37 | G34: 1.98 | H34: 36 | I34: 80
A35: 45832 | B35: 1118 | C35: =(B35/1050)*100 -> 106.47619 | D35: 0.44 | E35: 0.95 | F35: 0.63 | G35: 1.98 | H35: 43 | I35: 80
A36: 45833 | C36: =(B36/1050)*100 -> 0 | D36: 0.48 | H36: 40 | I36: 83
A37: 45834 | B37: 1146 | C37: =(B37/1050)*100 -> 109.14286 | D37: 0.46 | E37: 0.92 | F37: 0.5 | G37: 1.9 | H37: 30 | I37: 83
A38: 45835 | B38: 1091 | C38: =(B38/1050)*100 -> 103.90476 | D38: 0.45 | E38: 0.93 | F38: 0.87 | G38: 1.91 | H38: 36 | I38: 80 | L38: Plant load reduced due to the decreased HPNG (High-Pressure Natural Gas) pressure.
A39: 45836 | B39: 1111 | C39: =(B39/1050)*100 -> 105.80952 | D39: 0.45 | E39: 0.94 | F39: 0.53 | G39: 1.95 | H39: 35 | I39: 84
A40: 45837 | B40: 1133 | C40: =(B40/1050)*100 -> 107.90476 | D40: 0.46 | E40: 0.94 | F40: 0.6 | G40: 1.95 | H40: 40 | I40: 83
A41: 45838 | B41: 1149 | C41: =(B41/1050)*100 -> 109.42857 | D41: 0.45 | E41: 0.91 | F41: 0.47 | G41: 1.93 | H41: 39 | I41: 87
A42: 45839 | B42: 1151 | C42: =(B42/1050)*100 -> 109.61905 | D42: 0.46 | E42: 0.93 | F42: 0.33 | G42: 1.92 | H42: 38 | I42: 83
A43: 45840 | B43: 1156 | C43: =(B43/1050)*100 -> 110.09524 | D43: 0.47 | E43: 0.94 | F43: 0.37 | G43: 1.9 | H43: 39 | I43: 80
A44: 45841 | B44: 1153 | C44: =(B44/1050)*100 -> 109.80952 | D44: 0.46 | E44: 0.94 | F44: 0.5 | G44: 1.91 | H44: 37 | I44: 77
A45: 45842 | B45: 1142 | C45: =(B45/1050)*100 -> 108.7619 | D45: 0.48 | E45: 0.94 | F45: 0.56 | G45: 1.92 | H45: 39 | I45: 65
A46: 45843 | B46: 1142 | C46: =(B46/1050)*100 -> 108.7619 | D46: 0.45 | E46: 0.94 | F46: 0.56 | G46: 1.92 | H46: 41 | I46: 63
A47: 45844 | B47: 1147 | C47: =(B47/1050)*100 -> 109.2381 | D47: 0.44 | E47: 0.95 | F47: 0.66 | G47: 1.92 | H47: 35 | I47: 76
A48: 45845 | B48: 1147 | C48: =(B48/1050)*100 -> 109.2381 | D48: 0.45 | E48: 0.92 | F48: 0.6 | G48: 1.92 | H48: 35 | I48: 76
A49: 45846 | B49: 1163 | C49: =(B49/1050)*100 -> 110.7619 | D49: 0.47 | E49: 0.93 | F49: 0.46 | G49: 1.93 | H49: 36 | I49: 76 | L49: STAC Visit
A50: 45847 | B50: 1182 | C50: =(B50/1050)*100 -> 112.57143 | D50: 0.43 | E50: 0.91 | F50: 0.73 | G50: 1.9 | H50: 35 | I50: 91 | L50: STAC Visit
A51: 45848 | B51: 1170 | C51: =(B51/1050)*100 -> 111.42857 | D51: 0.43 | E51: 0.92 | F51: 0.43 | G51: 1.9 | H51: 32 | I51: 76 | L51: STAC Visit
A52: 45849 | B52: 1154 | C52: =(B52/1050)*100 -> 109.90476 | D52: 0.42 | E52: 0.94 | F52: 0.56 | G52: 1.9 | H52: 36 | I52: 74
A53: 45850 | B53: 1154 | C53: =(B53/1050)*100 -> 109.90476 | D53: 0.4 | E53: 0.92 | F53: 0.5 | G53: 1.89 | H53: 37 | I53: 76
A54: 45851 | B54: 1151 | C54: =(B54/1050)*100 -> 109.61905 | D54: 0.43 | E54: 0.93 | F54: 0.37 | G54: 1.89 | H54: 39 | I54: 79
A55: 45852 | B55: 1191 | C55: =(B55/1050)*100 -> 113.42857 | D55: 0.43 | E55: 0.95 | F55: 0.53 | G55: 1.89 | H55: 39 | I55: 68 | L55: Low Load due to Boiler 3 SD
A56: 45853 | B56: 1119 | C56: =(B56/1050)*100 -> 106.57143 | D56: 0.45 | E56: 0.94 | F56: 0.8 | G56: 2 | H56: 35 | I56: 74 | L56: Diverted Soln Recovery. Booster Ejector Out of Service.
A57: 45854 | B57: 1130 | C57: =(B57/1050)*100 -> 107.61905 | D57: 0.47 | E57: 0.95 | F57: 0.76 | G57: 2.05 | H57: 32 | I57: 75 | L57: Diverted Soln Recovery. Booster Ejector Out of Service.
A58: 45855 | B58: 1139 | C58: =(B58/1050)*100 -> 108.47619 | D58: 0.45 | E58: 0.94 | F58: 0.65 | G58: 1.98 | H58: 32 | I58: 76 | L58: Booster ejector took in service.
A59: 45856 | B59: 1147 | C59: =(B59/1050)*100 -> 109.2381 | D59: 0.44 | E59: 0.94 | F59: 0.43 | G59: 1.89 | H59: 34 | I59: 68
A60: 45857 | B60: 1140 | C60: =(B60/1050)*100 -> 108.57143 | D60: 0.47 | E60: 0.94 | F60: 0.37 | G60: 1.94 | H60: 39 | I60: 73
A61: 45858 | B61: 1132 | C61: =(B61/1050)*100 -> 107.80952 | D61: 0.46 | E61: 0.93 | F61: 0.37 | G61: 1.93 | H61: 39 | I61: 69
A62: 45859 | B62: ='UREA PLANT ENERGY INDEX PROFILE'!B24 -> 0 | C62: ='UREA PLANT ENERGY INDEX PROFILE'!C24 -> 107.5 | L62: Plant Shutdown Due to leakage in stripper
A63: 45860 | B63: ='UREA PLANT ENERGY INDEX PROFILE'!B25 -> 0 | C63: ='UREA PLANT ENERGY INDEX PROFILE'!C25 -> 73.3
A64: 45861 | B64: ='UREA PLANT ENERGY INDEX PROFILE'!B26 -> 0 | C64: ='UREA PLANT ENERGY INDEX PROFILE'!C26 -> 0.6
A65: 45862 | B65: ='UREA PLANT ENERGY INDEX PROFILE'!B27 -> 0 | C65: ='UREA PLANT ENERGY INDEX PROFILE'!C27 -> 0.8
A66: 45863 | B66: ='UREA PLANT ENERGY INDEX PROFILE'!B28 -> 0 | C66: ='UREA PLANT ENERGY INDEX PROFILE'!C28 -> 0.6
A67: 45864 | B67: ='UREA PLANT ENERGY INDEX PROFILE'!B29 -> 0 | C67: ='UREA PLANT ENERGY INDEX PROFILE'!C29 -> 8.8 | H67: 39 | I67: 73
A68: 45865 | B68: ='UREA PLANT ENERGY INDEX PROFILE'!B30 -> 847 | C68: ='UREA PLANT ENERGY INDEX PROFILE'!C30 -> 68.9 | D68: 0.48 | E68: 1 | F68: 0.23 | G68: 1.92 | H68: 39 | I68: 69 | L68: Plant start Up
A69: 45866 | B69: ='UREA PLANT ENERGY INDEX PROFILE'!B31 -> 1084 | C69: ='UREA PLANT ENERGY INDEX PROFILE'!C31 -> 91.9 | D69: =AVERAGE('Product Analysis'!F238:F240) -> 0.4 | E69: =AVERAGE('Product Analysis'!H238:H240) -> 1.07
